/*
 Navicat Premium Data Transfer

 Source Server         : linux175.24.45.179
 Source Server Type    : MySQL
 Source Server Version : 50729
 Source Host           : 175.24.45.179:3306
 Source Schema         : clms_test

 Target Server Type    : MySQL
 Target Server Version : 50729
 File Encoding         : 65001

 Date: 25/03/2020 23:52:51
*/

SET NAMES utf8mb4;
SET FOREIGN_KEY_CHECKS = 0;

-- ----------------------------
-- Table structure for cl_article
-- ----------------------------
DROP TABLE IF EXISTS `cl_article`;
CREATE TABLE `cl_article`  (
  `article_id` int(31) NOT NULL AUTO_INCREMENT COMMENT '文章id编号',
  `article_title` varchar(63) CHARACTER SET utf8mb4 COLLATE utf8mb4_general_ci NOT NULL COMMENT '文章标题',
  `article_author` varchar(31) CHARACTER SET utf8mb4 COLLATE utf8mb4_general_ci NULL DEFAULT NULL COMMENT '文章作者',
  `article_image` varchar(255) CHARACTER SET utf8mb4 COLLATE utf8mb4_general_ci NULL DEFAULT NULL COMMENT '文章图片',
  `article_content` mediumtext CHARACTER SET utf8mb4 COLLATE utf8mb4_general_ci NOT NULL COMMENT '文章内容',
  `article_good` int(11) NOT NULL DEFAULT 0 COMMENT '文章点赞量',
  `article_read` int(11) NOT NULL DEFAULT 0 COMMENT '文章阅读量',
  `article_collection` int(11) NOT NULL DEFAULT 0 COMMENT '文章收藏量',
  `article_type` varchar(31) CHARACTER SET utf8mb4 COLLATE utf8mb4_general_ci NOT NULL COMMENT '文章分类',
  `article_comment` int(11) NOT NULL DEFAULT 0 COMMENT '文章评论',
  `article_source` varchar(127) CHARACTER SET utf8mb4 COLLATE utf8mb4_general_ci NULL DEFAULT NULL COMMENT '文章来源',
  `created_time` datetime(0) NOT NULL DEFAULT CURRENT_TIMESTAMP COMMENT '创建时间',
  `update_time` datetime(0) NOT NULL DEFAULT CURRENT_TIMESTAMP ON UPDATE CURRENT_TIMESTAMP(0) COMMENT '更新时间',
  `is_enabled` tinyint(1) NOT NULL DEFAULT 1 COMMENT '是否启用（0否1是 默认1）',
  `is_deleted` tinyint(1) NOT NULL DEFAULT 0 COMMENT '是否删除（0否1是 默认0）',
  `version` int(11) NOT NULL DEFAULT 1 COMMENT '乐观锁',
  PRIMARY KEY (`article_id`) USING BTREE
) ENGINE = InnoDB AUTO_INCREMENT = 5 CHARACTER SET = utf8mb4 COLLATE = utf8mb4_general_ci ROW_FORMAT = Dynamic;

-- ----------------------------
-- Records of cl_article
-- ----------------------------
INSERT INTO `cl_article` VALUES (1, '测试文章1', 'code-fusheng', NULL, '这是code-fsheng写的测试文章1的内容，关于文章的测试', 7, 3, 0, '1', 0, NULL, '2020-03-22 12:06:08', '2020-03-25 23:40:18', 0, 0, 3);
INSERT INTO `cl_article` VALUES (2, '测试文章2', 'code-fusheng', NULL, '这是code-fsheng写的测试文章2的内容，关于文章的测试', 1, 4, 0, '2', 0, NULL, '2020-03-22 12:16:29', '2020-03-25 23:38:23', 0, 0, 3);
INSERT INTO `cl_article` VALUES (3, '测试文章3', 'code-fusheng', NULL, '这是code-fsheng写的测试文章3的内容，关于文章的测试', 0, 0, 0, '2', 0, NULL, '2020-03-22 12:59:37', '2020-03-25 14:01:53', 0, 0, 3);
INSERT INTO `cl_article` VALUES (4, '测试文章1', 'code-fusheng', NULL, '这是code-fsheng写的测试文章1的内容，关于文章的测试', 0, 0, 0, '2', 0, NULL, '2020-03-25 14:00:25', '2020-03-25 14:01:53', 0, 0, 3);

-- ----------------------------
-- Table structure for cl_article_collection
-- ----------------------------
DROP TABLE IF EXISTS `cl_article_collection`;
CREATE TABLE `cl_article_collection`  (
  `collection_id` int(11) NOT NULL AUTO_INCREMENT COMMENT '收藏id',
  `article_id` int(31) NOT NULL COMMENT '收藏文章id',
  `user_id` int(11) NOT NULL COMMENT '用户id',
  `collection_time` datetime(0) NOT NULL DEFAULT CURRENT_TIMESTAMP COMMENT '收藏时间',
  PRIMARY KEY (`collection_id`) USING BTREE
) ENGINE = InnoDB AUTO_INCREMENT = 1 CHARACTER SET = utf8mb4 COLLATE = utf8mb4_general_ci ROW_FORMAT = Dynamic;

-- ----------------------------
-- Table structure for cl_article_type
-- ----------------------------
DROP TABLE IF EXISTS `cl_article_type`;
CREATE TABLE `cl_article_type`  (
  `type_id` int(11) NOT NULL AUTO_INCREMENT COMMENT '文章分类id',
  `type_name` varchar(31) CHARACTER SET utf8mb4 COLLATE utf8mb4_general_ci NOT NULL COMMENT '分类名称',
  `type_count` int(11) NOT NULL DEFAULT 0 COMMENT '文章数',
  `created_time` datetime(0) NOT NULL DEFAULT CURRENT_TIMESTAMP COMMENT '创建时间',
  `update_time` datetime(0) NOT NULL DEFAULT CURRENT_TIMESTAMP ON UPDATE CURRENT_TIMESTAMP(0) COMMENT '修改时间',
  `is_enabled` tinyint(1) NOT NULL DEFAULT 1 COMMENT '是否启用，0否1是 默认1',
  `is_deleted` tinyint(1) NOT NULL DEFAULT 0 COMMENT '是否删除，0否1是 默认0',
  `version` int(11) NOT NULL DEFAULT 1 COMMENT '乐观锁',
  PRIMARY KEY (`type_id`) USING BTREE
) ENGINE = InnoDB AUTO_INCREMENT = 7 CHARACTER SET = latin1 COLLATE = latin1_swedish_ci ROW_FORMAT = Dynamic;

-- ----------------------------
-- Records of cl_article_type
-- ----------------------------
INSERT INTO `cl_article_type` VALUES (1, '软件工程', 0, '2020-03-22 14:23:28', '2020-03-25 14:19:26', 0, 1, 10);
INSERT INTO `cl_article_type` VALUES (2, 'C++', 0, '2020-03-22 14:23:44', '2020-03-25 14:19:26', 0, 0, 5);
INSERT INTO `cl_article_type` VALUES (3, 'Java', 0, '2020-03-22 14:23:53', '2020-03-25 14:19:26', 0, 0, 3);
INSERT INTO `cl_article_type` VALUES (4, 'Python', 0, '2020-03-22 14:24:07', '2020-03-25 14:19:26', 0, 0, 3);
INSERT INTO `cl_article_type` VALUES (5, 'Spring Boot', 0, '2020-03-22 19:26:04', '2020-03-25 14:19:26', 0, 0, 3);
INSERT INTO `cl_article_type` VALUES (6, 'Spring XXX', 0, '2020-03-25 14:15:58', '2020-03-25 14:19:26', 0, 0, 3);

-- ----------------------------
-- Table structure for cl_chat
-- ----------------------------
DROP TABLE IF EXISTS `cl_chat`;
CREATE TABLE `cl_chat`  (
  `chat_id` int(11) NOT NULL AUTO_INCREMENT COMMENT '主键',
  `chat_user` varchar(31) CHARACTER SET utf8mb4 COLLATE utf8mb4_general_ci NULL DEFAULT NULL COMMENT '消息发送者',
  `chat_content` varchar(255) CHARACTER SET utf8mb4 COLLATE utf8mb4_general_ci NULL DEFAULT NULL COMMENT '消息内容',
  `chat_type` varchar(31) CHARACTER SET utf8mb4 COLLATE utf8mb4_general_ci NULL DEFAULT NULL COMMENT '消息类型',
  `created_time` datetime(0) NULL DEFAULT NULL COMMENT '消息创建时间',
  `update_time` datetime(0) NULL DEFAULT NULL COMMENT '消息更新时间',
  PRIMARY KEY (`chat_id`) USING BTREE
) ENGINE = InnoDB AUTO_INCREMENT = 5 CHARACTER SET = utf8mb4 COLLATE = utf8mb4_general_ci ROW_FORMAT = Dynamic;

-- ----------------------------
-- Records of cl_chat
-- ----------------------------
INSERT INTO `cl_chat` VALUES (1, 'test', '11111', 'CHAT', '2020-03-25 22:23:10', NULL);
INSERT INTO `cl_chat` VALUES (2, 'test', '22222', 'CHAT', '2020-03-25 22:23:10', NULL);
INSERT INTO `cl_chat` VALUES (3, 'test', '3333', 'CHAT', '2020-03-25 22:23:10', NULL);
INSERT INTO `cl_chat` VALUES (4, 'test', '3333', 'CHAT', '2020-03-25 22:33:28', NULL);

-- ----------------------------
-- Table structure for cl_classes
-- ----------------------------
DROP TABLE IF EXISTS `cl_classes`;
CREATE TABLE `cl_classes`  (
  `classes_id` int(11) NOT NULL AUTO_INCREMENT,
  `classes_name` varchar(255) CHARACTER SET utf8 COLLATE utf8_general_ci NULL DEFAULT NULL COMMENT '班级名称',
  `classes_states` int(255) NULL DEFAULT NULL,
  PRIMARY KEY (`classes_id`) USING BTREE
) ENGINE = InnoDB AUTO_INCREMENT = 8 CHARACTER SET = utf8 COLLATE = utf8_general_ci ROW_FORMAT = Dynamic;

-- ----------------------------
-- Records of cl_classes
-- ----------------------------
INSERT INTO `cl_classes` VALUES (2, '软件工程7班q', 1);
INSERT INTO `cl_classes` VALUES (3, '1', NULL);
INSERT INTO `cl_classes` VALUES (4, '2', NULL);
INSERT INTO `cl_classes` VALUES (5, '3', NULL);
INSERT INTO `cl_classes` VALUES (6, '4', NULL);
INSERT INTO `cl_classes` VALUES (7, '7', NULL);

-- ----------------------------
-- Table structure for cl_college
-- ----------------------------
DROP TABLE IF EXISTS `cl_college`;
CREATE TABLE `cl_college`  (
  `college_id` int(20) NOT NULL,
  `college_name` varchar(255) CHARACTER SET utf8 COLLATE utf8_general_ci NULL DEFAULT NULL COMMENT '学院名称',
  `college_states` int(255) NULL DEFAULT NULL,
  PRIMARY KEY (`college_id`) USING BTREE
) ENGINE = InnoDB CHARACTER SET = utf8 COLLATE = utf8_general_ci ROW_FORMAT = Dynamic;

-- ----------------------------
-- Table structure for cl_comment
-- ----------------------------
DROP TABLE IF EXISTS `cl_comment`;
CREATE TABLE `cl_comment`  (
  `comment_id` int(31) NOT NULL AUTO_INCREMENT COMMENT '评论id',
  `comment_content` mediumtext CHARACTER SET utf8mb4 COLLATE utf8mb4_general_ci NOT NULL COMMENT '评论内容',
  `comment_user` int(11) NOT NULL COMMENT '评价人',
  `comment_article` int(31) NOT NULL COMMENT '评论帖子id',
  `comment_good` int(11) NOT NULL DEFAULT 0 COMMENT '点赞数',
  `comment_count` int(11) NOT NULL DEFAULT 0 COMMENT '评论数',
  `comment_type` tinyint(11) NOT NULL DEFAULT 0 COMMENT '评论类型',
  `pid` int(31) NOT NULL DEFAULT 0 COMMENT '父级id',
  `comment_time` datetime(0) NOT NULL DEFAULT CURRENT_TIMESTAMP COMMENT '评论时间',
  `is_enabled` tinyint(1) NOT NULL DEFAULT 1 COMMENT '是否启用,  0否1是 默认1',
  `is_deleted` tinyint(1) NOT NULL DEFAULT 0 COMMENT '是否删除，0否1是 默认0',
  PRIMARY KEY (`comment_id`) USING BTREE
) ENGINE = InnoDB AUTO_INCREMENT = 24 CHARACTER SET = utf8mb4 COLLATE = utf8mb4_general_ci ROW_FORMAT = Dynamic;

-- ----------------------------
-- Records of cl_comment
-- ----------------------------
INSERT INTO `cl_comment` VALUES (1, '测试文章评论1', 0, 1, 1, 0, 0, 0, '2020-03-24 16:01:17', 1, 0);
INSERT INTO `cl_comment` VALUES (2, '测试评论评论2', 0, 1, 1, 0, 1, 1, '2020-03-24 16:13:42', 1, 0);
INSERT INTO `cl_comment` VALUES (3, '测试评论评论3', 0, 1, 1, 0, 1, 1, '2020-03-24 16:24:40', 1, 0);
INSERT INTO `cl_comment` VALUES (18, '测试文章评论8', 2, 1, 0, 0, 0, 0, '2020-03-24 23:43:05', 1, 0);
INSERT INTO `cl_comment` VALUES (19, '测试文章评论8', 2, 2, 0, 0, 0, 0, '2020-03-24 23:43:12', 1, 0);
INSERT INTO `cl_comment` VALUES (20, '测试文章评论9', 2, 2, 0, 0, 0, 0, '2020-03-24 23:43:33', 1, 0);
INSERT INTO `cl_comment` VALUES (23, '测试评论评论8', 2, 1, 0, 0, 1, 14, '2020-03-25 14:10:58', 1, 0);

-- ----------------------------
-- Table structure for cl_commission
-- ----------------------------
DROP TABLE IF EXISTS `cl_commission`;
CREATE TABLE `cl_commission`  (
  `com_id` int(11) NOT NULL AUTO_INCREMENT COMMENT '今日代办主键id',
  `user_id` int(11) NOT NULL COMMENT '创建者id',
  `com_content` varchar(127) CHARACTER SET utf8 COLLATE utf8_general_ci NOT NULL COMMENT '代办内容',
  `is_did` bit(1) NOT NULL COMMENT '是否完成',
  `created_time` datetime(0) NOT NULL DEFAULT CURRENT_TIMESTAMP COMMENT '创建时间',
  PRIMARY KEY (`com_id`) USING BTREE
) ENGINE = InnoDB AUTO_INCREMENT = 3 CHARACTER SET = utf8 COLLATE = utf8_general_ci ROW_FORMAT = Dynamic;

-- ----------------------------
-- Table structure for cl_githubuser
-- ----------------------------
DROP TABLE IF EXISTS `cl_githubuser`;
CREATE TABLE `cl_githubuser`  (
  `user_id` int(11) NOT NULL COMMENT '用户id',
  `user_name` varchar(31) CHARACTER SET latin1 COLLATE latin1_swedish_ci NOT NULL COMMENT '用户姓名',
  `account_id` varchar(31) CHARACTER SET latin1 COLLATE latin1_swedish_ci NOT NULL,
  `github_token` char(31) CHARACTER SET latin1 COLLATE latin1_swedish_ci NULL DEFAULT NULL COMMENT 'GitHub Token',
  `created_time` datetime(0) NOT NULL DEFAULT CURRENT_TIMESTAMP COMMENT '创建时间',
  `update_time` datetime(0) NOT NULL DEFAULT CURRENT_TIMESTAMP ON UPDATE CURRENT_TIMESTAMP(0) COMMENT '更新时间',
  `user_right` tinyint(11) UNSIGNED NOT NULL DEFAULT 0 COMMENT '用户权限',
  PRIMARY KEY (`user_id`) USING BTREE
) ENGINE = InnoDB CHARACTER SET = latin1 COLLATE = latin1_swedish_ci ROW_FORMAT = Dynamic;

-- ----------------------------
-- Table structure for cl_good
-- ----------------------------
DROP TABLE IF EXISTS `cl_good`;
CREATE TABLE `cl_good`  (
  `good_id` int(63) NOT NULL AUTO_INCREMENT COMMENT '点赞id',
  `user_id` int(11) NOT NULL DEFAULT 0 COMMENT '用户id',
  `article_id` int(31) NOT NULL DEFAULT 0 COMMENT '文章id',
  `comment_id` int(31) NOT NULL DEFAULT 0 COMMENT '评论id',
  PRIMARY KEY (`good_id`) USING BTREE
) ENGINE = InnoDB AUTO_INCREMENT = 9 CHARACTER SET = utf8mb4 COLLATE = utf8mb4_general_ci ROW_FORMAT = Dynamic;

-- ----------------------------
-- Records of cl_good
-- ----------------------------
INSERT INTO `cl_good` VALUES (1, 1, 1, 0);
INSERT INTO `cl_good` VALUES (2, 1, 1, 0);
INSERT INTO `cl_good` VALUES (3, 1, 1, 0);
INSERT INTO `cl_good` VALUES (4, 1, 2, 0);
INSERT INTO `cl_good` VALUES (5, 1, 2, 1);
INSERT INTO `cl_good` VALUES (6, 1, 0, 1);
INSERT INTO `cl_good` VALUES (7, 1, 0, 2);
INSERT INTO `cl_good` VALUES (8, 1, 0, 3);

-- ----------------------------
-- Table structure for cl_group
-- ----------------------------
DROP TABLE IF EXISTS `cl_group`;
CREATE TABLE `cl_group`  (
  `group_id` int(11) NOT NULL,
  `group_name` varchar(255) CHARACTER SET utf8 COLLATE utf8_general_ci NULL DEFAULT NULL COMMENT '名称',
  `group_states` int(255) NULL DEFAULT NULL,
  PRIMARY KEY (`group_id`) USING BTREE
) ENGINE = InnoDB CHARACTER SET = utf8 COLLATE = utf8_general_ci ROW_FORMAT = Dynamic;

-- ----------------------------
-- Table structure for cl_log
-- ----------------------------
DROP TABLE IF EXISTS `cl_log`;
CREATE TABLE `cl_log`  (
  `log_id` int(11) NOT NULL AUTO_INCREMENT COMMENT '日志id',
  `log_url` varchar(127) CHARACTER SET utf8mb4 COLLATE utf8mb4_general_ci NOT NULL COMMENT '请求路径',
  `log_params` mediumtext CHARACTER SET utf8mb4 COLLATE utf8mb4_general_ci NULL COMMENT '参数',
  `log_status` int(1) NOT NULL DEFAULT 1 COMMENT '访问状态，1正常0异常',
  `log_message` mediumtext CHARACTER SET utf8mb4 COLLATE utf8mb4_general_ci NULL COMMENT '异常信息',
  `log_method` varchar(7) CHARACTER SET utf8mb4 COLLATE utf8mb4_general_ci NOT NULL COMMENT '请求方式，get、post等',
  `log_time` bigint(20) NOT NULL DEFAULT 0 COMMENT '响应时间',
  `log_result` mediumtext CHARACTER SET utf8mb4 COLLATE utf8mb4_general_ci NULL COMMENT '返回值',
  `log_ip` varchar(16) CHARACTER SET utf8mb4 COLLATE utf8mb4_general_ci NOT NULL COMMENT '请求ip',
  `created_time` datetime(0) NOT NULL DEFAULT CURRENT_TIMESTAMP COMMENT '创建时间',
  `created_by` varchar(31) CHARACTER SET utf8mb4 COLLATE utf8mb4_general_ci NULL DEFAULT NULL COMMENT '创建人',
  PRIMARY KEY (`log_id`) USING BTREE
) ENGINE = InnoDB AUTO_INCREMENT = 442 CHARACTER SET = utf8mb4 COLLATE = utf8mb4_general_ci COMMENT = '接口访问日志表' ROW_FORMAT = Dynamic;

-- ----------------------------
-- Records of cl_log
-- ----------------------------
INSERT INTO `cl_log` VALUES (37, '/article/save', '[Article(articleId=null, articleTitle=测试文章1, articleAuthor=code-fusheng, articleImage=null, articleContent=这是code-fsheng写的测试文章1的内容，关于文章的测试, articleGood=null, articleRead=null, articleCollection=null, articleType=1, articleComment=null, articleSource=null, createdTime=null, updateTime=null, isEnable=null, isDeleted=null, version=null)]', 0, 'org.springframework.dao.DataIntegrityViolationException: \n### Error updating database.  Cause: com.mysql.cj.jdbc.exceptions.MysqlDataTruncation: Data truncation: Data too long for column \'article_author\' at row 1\n### The error may involve com.hnxx.zy.clms.core.mapper.ArticleMapper.save-Inline\n### Cause: com.mysql.cj.jdbc.exceptions.MysqlDataTruncation: Data truncation: Data too long for column \'article_author\' at row 1\n	at com.hnxx.zy.clms.core.service.impl.ArticleServiceImpl.save(ArticleServiceImpl.java:23)\n	at com.hnxx.zy.clms.controller.ArticleController.save(ArticleController.java:32)\n	at com.hnxx.zy.clms.controller.ArticleController$$FastClassBySpringCGLIB$$7b8f9c4b.invoke(<generated>)\n	at com.hnxx.zy.clms.common.aspect.RequestAspect.doAround(RequestAspect.java:78)\n	at com.hnxx.zy.clms.controller.ArticleController$$EnhancerBySpringCGLIB$$210ce6f9.save(<generated>)\nCaused by: com.mysql.cj.jdbc.exceptions.MysqlDataTruncation: Data truncation: Data too long for column \'article_author\' at row 1\n', 'POST', 0, NULL, '0:0:0:0:0:0:0:1', '2020-03-22 12:04:47', NULL);
INSERT INTO `cl_log` VALUES (38, '/article/save', '[Article(articleId=null, articleTitle=测试文章1, articleAuthor=code-fusheng, articleImage=null, articleContent=这是code-fsheng写的测试文章1的内容，关于文章的测试, articleGood=null, articleRead=null, articleCollection=null, articleType=1, articleComment=null, articleSource=null, createdTime=null, updateTime=null, isEnable=null, isDeleted=null, version=null)]', 1, NULL, 'POST', 141, '{\"code\":200,\"msg\":\"添加成功！\"}', '0:0:0:0:0:0:0:1', '2020-03-22 12:06:08', NULL);
INSERT INTO `cl_log` VALUES (39, '/article/save', '[Article(articleId=null, articleTitle=测试文章2, articleAuthor=code-fusheng, articleImage=null, articleContent=这是code-fsheng写的测试文章2的内容，关于文章的测试, articleGood=null, articleRead=null, articleCollection=null, articleType=2, articleComment=null, articleSource=null, createdTime=null, updateTime=null, isEnable=null, isDeleted=null, version=null)]', 1, NULL, 'POST', 2134, '{\"code\":200,\"msg\":\"添加成功！\"}', '0:0:0:0:0:0:0:1', '2020-03-22 12:16:29', NULL);
INSERT INTO `cl_log` VALUES (40, '/article/save', '[Article(articleId=null, articleTitle=测试文章3, articleAuthor=code-fusheng, articleImage=null, articleContent=这是code-fsheng写的测试文章3的内容，关于文章的测试, articleGood=null, articleRead=null, articleCollection=null, articleType=2, articleComment=null, articleSource=null, createdTime=null, updateTime=null, isEnable=null, isDeleted=null, version=null)]', 1, NULL, 'POST', 351, '{\"code\":200,\"msg\":\"添加成功！\"}', '0:0:0:0:0:0:0:1', '2020-03-22 12:59:37', NULL);
INSERT INTO `cl_log` VALUES (41, '/articleType/save', '[ArticleType(typeId=null, typeName=C, typeCount=null, createdTime=null, updateTime=null, isEnable=null, isDeleted=null)]', 0, 'org.springframework.dao.DataIntegrityViolationException: \n### Error updating database.  Cause: java.sql.SQLException: Field \'type_count\' doesn\'t have a default value\n### The error may involve com.hnxx.zy.clms.core.mapper.ArticleTypeMapper.save-Inline\n### Cause: java.sql.SQLException: Field \'type_count\' doesn\'t have a default value\n; Field \'type_count\' doesn\'t have a default value; nested exception is java.sql.SQLException: Field \'type_count\' doesn\'t have a default value\n	at com.hnxx.zy.clms.core.service.impl.ArticleTypeServiceImpl.save(ArticleTypeServiceImpl.java:27)\n	at com.hnxx.zy.clms.controller.ArticleTypeController.save(ArticleTypeController.java:33)\n	at com.hnxx.zy.clms.controller.ArticleTypeController$$FastClassBySpringCGLIB$$1107d7a5.invoke(<generated>)\n	at com.hnxx.zy.clms.common.aspect.RequestAspect.doAround(RequestAspect.java:78)\n	at com.hnxx.zy.clms.controller.ArticleTypeController$$EnhancerBySpringCGLIB$$9f90931d.save(<generated>)\nCaused by: java.sql.SQLException: Field \'type_count\' doesn\'t have a default value\n', 'POST', 0, NULL, '0:0:0:0:0:0:0:1', '2020-03-22 14:22:26', NULL);
INSERT INTO `cl_log` VALUES (42, '/articleType/save', '[ArticleType(typeId=null, typeName=C, typeCount=null, createdTime=null, updateTime=null, isEnable=null, isDeleted=null)]', 1, NULL, 'POST', 126, '{\"code\":200,\"msg\":\"添加成功！\"}', '0:0:0:0:0:0:0:1', '2020-03-22 14:23:28', NULL);
INSERT INTO `cl_log` VALUES (43, '/articleType/save', '[ArticleType(typeId=null, typeName=C++, typeCount=null, createdTime=null, updateTime=null, isEnable=null, isDeleted=null)]', 1, NULL, 'POST', 169, '{\"code\":200,\"msg\":\"添加成功！\"}', '0:0:0:0:0:0:0:1', '2020-03-22 14:23:44', NULL);
INSERT INTO `cl_log` VALUES (44, '/articleType/save', '[ArticleType(typeId=null, typeName=Java, typeCount=null, createdTime=null, updateTime=null, isEnable=null, isDeleted=null)]', 1, NULL, 'POST', 357, '{\"code\":200,\"msg\":\"添加成功！\"}', '0:0:0:0:0:0:0:1', '2020-03-22 14:23:54', NULL);
INSERT INTO `cl_log` VALUES (45, '/articleType/save', '[ArticleType(typeId=null, typeName=Python, typeCount=null, createdTime=null, updateTime=null, isEnable=null, isDeleted=null)]', 1, NULL, 'POST', 165, '{\"code\":200,\"msg\":\"添加成功！\"}', '0:0:0:0:0:0:0:1', '2020-03-22 14:24:07', NULL);
INSERT INTO `cl_log` VALUES (46, '/articleType/get/1', '[1]', 1, NULL, 'GET', 211, '{\"code\":200,\"data\":{\"isDeleted\":0,\"typeCount\":0,\"typeId\":1,\"typeName\":\"C\"},\"msg\":\"操作成功！\"}', '0:0:0:0:0:0:0:1', '2020-03-22 14:41:11', NULL);
INSERT INTO `cl_log` VALUES (47, '/articleType/get/2', '[2]', 1, NULL, 'GET', 22, '{\"code\":200,\"data\":{\"isDeleted\":0,\"typeCount\":0,\"typeId\":2,\"typeName\":\"C++\"},\"msg\":\"操作成功！\"}', '0:0:0:0:0:0:0:1', '2020-03-22 14:41:46', NULL);
INSERT INTO `cl_log` VALUES (48, '/articleType/get/2', '[2]', 1, NULL, 'GET', 258, '{\"code\":200,\"data\":{\"isDeleted\":0,\"typeCount\":0,\"typeId\":2,\"typeName\":\"C++\"},\"msg\":\"操作成功！\"}', '0:0:0:0:0:0:0:1', '2020-03-22 14:47:44', NULL);
INSERT INTO `cl_log` VALUES (49, '/articleType/getList', '[]', 1, NULL, 'GET', 199, '{\"code\":200,\"data\":[{\"typeCount\":0,\"typeId\":1,\"typeName\":\"C\"},{\"typeCount\":0,\"typeId\":2,\"typeName\":\"C++\"},{\"typeCount\":0,\"typeId\":3,\"typeName\":\"Java\"},{\"typeCount\":0,\"typeId\":4,\"typeName\":\"Python\"}],\"msg\":\"操作成功！\"}', '0:0:0:0:0:0:0:1', '2020-03-22 15:13:42', NULL);
INSERT INTO `cl_log` VALUES (50, '/articleType/getAll', '[]', 1, NULL, 'GET', 27, '{\"code\":200,\"data\":[{\"createdTime\":\"2020-03-22 14:23:28\",\"isDeleted\":0,\"isEnable\":1,\"typeCount\":0,\"typeId\":1,\"typeName\":\"C\",\"updateTime\":\"2020-03-22 14:23:28\"},{\"createdTime\":\"2020-03-22 14:23:44\",\"isDeleted\":0,\"isEnable\":1,\"typeCount\":0,\"typeId\":2,\"typeName\":\"C++\",\"updateTime\":\"2020-03-22 14:23:44\"},{\"createdTime\":\"2020-03-22 14:23:53\",\"isDeleted\":0,\"isEnable\":1,\"typeCount\":0,\"typeId\":3,\"typeName\":\"Java\",\"updateTime\":\"2020-03-22 14:23:53\"},{\"createdTime\":\"2020-03-22 14:24:07\",\"isDeleted\":0,\"isEnable\":1,\"typeCount\":0,\"typeId\":4,\"typeName\":\"Python\",\"updateTime\":\"2020-03-22 14:24:07\"}],\"msg\":\"操作成功！\"}', '0:0:0:0:0:0:0:1', '2020-03-22 15:14:44', NULL);
INSERT INTO `cl_log` VALUES (51, '/articleType/update', '[ArticleType(typeId=1, typeName=分类修改测试1, typeCount=null, createdTime=null, updateTime=null, isEnable=null, isDeleted=null, version=null)]', 0, 'org.springframework.jdbc.BadSqlGrammarException: \n### Error updating database.  Cause: java.sql.SQLSyntaxErrorException: You have an error in your SQL syntax; check the manual that corresponds to your MySQL server version for the right syntax to use near \'= version + 1\n### The error may involve com.hnxx.zy.clms.core.mapper.ArticleTypeMapper.update-Inline\n### Cause: java.sql.SQLSyntaxErrorException: You have an error in your SQL syntax; check the manual that corresponds to your MySQL server version for the right syntax to use near \'= version + 1\n; bad SQL grammar []; nested exception is java.sql.SQLSyntaxErrorException: You have an error in your SQL syntax; check the manual that corresponds to your MySQL server version for the right syntax to use near \'= version + 1\n	at com.hnxx.zy.clms.core.service.impl.ArticleTypeServiceImpl.update(ArticleTypeServiceImpl.java:62)\n	at com.hnxx.zy.clms.controller.ArticleTypeController.update(ArticleTypeController.java:74)\n	at com.hnxx.zy.clms.controller.ArticleTypeController$$FastClassBySpringCGLIB$$1107d7a5.invoke(<generated>)\n	at com.hnxx.zy.clms.common.aspect.RequestAspect.doAround(RequestAspect.java:78)\n	at com.hnxx.zy.clms.controller.ArticleTypeController$$EnhancerBySpringCGLIB$$df38a3a5.update(<generated>)\nCaused by: java.sql.SQLSyntaxErrorException: You have an error in your SQL syntax; check the manual that corresponds to your MySQL server version for the right syntax to use near \'= version + 1\n', 'PUT', 0, NULL, '0:0:0:0:0:0:0:1', '2020-03-22 15:38:20', NULL);
INSERT INTO `cl_log` VALUES (52, '/articleType/update', '[ArticleType(typeId=1, typeName=分类修改测试1, typeCount=null, createdTime=null, updateTime=null, isEnable=null, isDeleted=null, version=null)]', 1, NULL, 'PUT', 218, '{\"code\":200,\"msg\":\"修改成功!\"}', '0:0:0:0:0:0:0:1', '2020-03-22 15:40:22', NULL);
INSERT INTO `cl_log` VALUES (53, '/articleType/update', '[ArticleType(typeId=1, typeName=分类修改测试1, typeCount=null, createdTime=null, updateTime=null, isEnable=null, isDeleted=null, version=null)]', 1, NULL, 'PUT', 21, '{\"code\":200,\"msg\":\"修改成功!\"}', '0:0:0:0:0:0:0:1', '2020-03-22 15:41:44', NULL);
INSERT INTO `cl_log` VALUES (54, '/articleType/get/1', '[1]', 1, NULL, 'GET', 68, '{\"code\":200,\"data\":{\"isDeleted\":0,\"typeCount\":0,\"typeId\":1,\"typeName\":\"C\"},\"msg\":\"操作成功！\"}', '0:0:0:0:0:0:0:1', '2020-03-22 15:41:53', NULL);
INSERT INTO `cl_log` VALUES (55, '/articleType/update', '[ArticleType(typeId=1, typeName=分类修改测试1, typeCount=2, createdTime=null, updateTime=null, isEnable=null, isDeleted=null, version=null)]', 1, NULL, 'PUT', 20, '{\"code\":200,\"msg\":\"修改成功!\"}', '0:0:0:0:0:0:0:1', '2020-03-22 15:42:31', NULL);
INSERT INTO `cl_log` VALUES (56, '/articleType/update', '[ArticleType(typeId=1, typeName=分类修改测试1, typeCount=2, createdTime=null, updateTime=null, isEnable=null, isDeleted=null, version=null)]', 1, NULL, 'PUT', 173, '{\"code\":200,\"msg\":\"修改成功!\"}', '0:0:0:0:0:0:0:1', '2020-03-22 15:45:07', NULL);
INSERT INTO `cl_log` VALUES (57, '/articleType/update', '[ArticleType(typeId=1, typeName=分类修改测试1, typeCount=null, createdTime=null, updateTime=null, isEnable=null, isDeleted=null, version=1)]', 1, NULL, 'PUT', 230, '{\"code\":200,\"msg\":\"修改成功!\"}', '0:0:0:0:0:0:0:1', '2020-03-22 15:48:01', NULL);
INSERT INTO `cl_log` VALUES (58, '/articleType/update', '[ArticleType(typeId=1, typeName=分类修改测试1, typeCount=null, createdTime=null, updateTime=null, isEnable=null, isDeleted=null, version=1)]', 1, NULL, 'PUT', 23, '{\"code\":200,\"msg\":\"修改成功!\"}', '0:0:0:0:0:0:0:1', '2020-03-22 15:48:26', NULL);
INSERT INTO `cl_log` VALUES (59, '/articleType/update', '[ArticleType(typeId=1, typeName=分类修改测试1, typeCount=2, createdTime=null, updateTime=null, isEnable=null, isDeleted=null, version=1)]', 1, NULL, 'PUT', 20, '{\"code\":200,\"msg\":\"修改成功!\"}', '0:0:0:0:0:0:0:1', '2020-03-22 15:49:48', NULL);
INSERT INTO `cl_log` VALUES (60, '/articleType/update', '[ArticleType(typeId=1, typeName=分类修改测试1, typeCount=2, createdTime=null, updateTime=null, isEnable=null, isDeleted=null, version=1)]', 1, NULL, 'PUT', 243, '{\"code\":200,\"msg\":\"修改成功!\"}', '0:0:0:0:0:0:0:1', '2020-03-22 15:54:38', NULL);
INSERT INTO `cl_log` VALUES (61, '/articleType/update', '[ArticleType(typeId=1, typeName=分类修改测试1, typeCount=null, createdTime=null, updateTime=null, isEnable=null, isDeleted=null, version=1)]', 0, 'org.springframework.jdbc.UncategorizedSQLException: \n### Error updating database.  Cause: java.sql.SQLException: Incorrect string value: \'\\xE5\\x88\\x86\\xE7\\xB1\\xBB...\' for column \'type_name\' at row 1\n### The error may involve com.hnxx.zy.clms.core.mapper.ArticleTypeMapper.update-Inline\n### Cause: java.sql.SQLException: Incorrect string value: \'\\xE5\\x88\\x86\\xE7\\xB1\\xBB...\' for column \'type_name\' at row 1\n; uncategorized SQLException; SQL state [HY000]; error code [1366]; Incorrect string value: \'\\xE5\\x88\\x86\\xE7\\xB1\\xBB...\' for column \'type_name\' at row 1; nested exception is java.sql.SQLException: Incorrect string value: \'\\xE5\\x88\\x86\\xE7\\xB1\\xBB...\' for column \'type_name\' at row 1\n	at com.hnxx.zy.clms.core.service.impl.ArticleTypeServiceImpl.update(ArticleTypeServiceImpl.java:62)\n	at com.hnxx.zy.clms.controller.ArticleTypeController.update(ArticleTypeController.java:74)\n	at com.hnxx.zy.clms.controller.ArticleTypeController$$FastClassBySpringCGLIB$$1107d7a5.invoke(<generated>)\n	at com.hnxx.zy.clms.common.aspect.RequestAspect.doAround(RequestAspect.java:78)\n	at com.hnxx.zy.clms.controller.ArticleTypeController$$EnhancerBySpringCGLIB$$80ab62ca.update(<generated>)\nCaused by: java.sql.SQLException: Incorrect string value: \'\\xE5\\x88\\x86\\xE7\\xB1\\xBB...\' for column \'type_name\' at row 1\n', 'PUT', 0, NULL, '0:0:0:0:0:0:0:1', '2020-03-22 15:57:12', NULL);
INSERT INTO `cl_log` VALUES (62, '/articleType/update', '[ArticleType(typeId=1, typeName=分类修改测试1, typeCount=null, createdTime=null, updateTime=null, isEnable=null, isDeleted=null, version=1)]', 0, 'org.springframework.jdbc.UncategorizedSQLException: \n### Error updating database.  Cause: java.sql.SQLException: Incorrect string value: \'\\xE5\\x88\\x86\\xE7\\xB1\\xBB...\' for column \'type_name\' at row 1\n### The error may involve com.hnxx.zy.clms.core.mapper.ArticleTypeMapper.update-Inline\n### Cause: java.sql.SQLException: Incorrect string value: \'\\xE5\\x88\\x86\\xE7\\xB1\\xBB...\' for column \'type_name\' at row 1\n; uncategorized SQLException; SQL state [HY000]; error code [1366]; Incorrect string value: \'\\xE5\\x88\\x86\\xE7\\xB1\\xBB...\' for column \'type_name\' at row 1; nested exception is java.sql.SQLException: Incorrect string value: \'\\xE5\\x88\\x86\\xE7\\xB1\\xBB...\' for column \'type_name\' at row 1\n	at com.hnxx.zy.clms.core.service.impl.ArticleTypeServiceImpl.update(ArticleTypeServiceImpl.java:62)\n	at com.hnxx.zy.clms.controller.ArticleTypeController.update(ArticleTypeController.java:74)\n	at com.hnxx.zy.clms.controller.ArticleTypeController$$FastClassBySpringCGLIB$$1107d7a5.invoke(<generated>)\n	at com.hnxx.zy.clms.common.aspect.RequestAspect.doAround(RequestAspect.java:78)\n	at com.hnxx.zy.clms.controller.ArticleTypeController$$EnhancerBySpringCGLIB$$92aead80.update(<generated>)\nCaused by: java.sql.SQLException: Incorrect string value: \'\\xE5\\x88\\x86\\xE7\\xB1\\xBB...\' for column \'type_name\' at row 1\n', 'PUT', 0, NULL, '0:0:0:0:0:0:0:1', '2020-03-22 15:58:11', NULL);
INSERT INTO `cl_log` VALUES (63, '/articleType/update', '[ArticleType(typeId=1, typeName=C+++, typeCount=null, createdTime=null, updateTime=null, isEnable=null, isDeleted=null, version=1)]', 1, NULL, 'PUT', 180, '{\"code\":200,\"msg\":\"修改成功!\"}', '0:0:0:0:0:0:0:1', '2020-03-22 15:59:19', NULL);
INSERT INTO `cl_log` VALUES (64, '/articleType/update', '[ArticleType(typeId=1, typeName=软件工程, typeCount=null, createdTime=null, updateTime=null, isEnable=null, isDeleted=null, version=1)]', 1, NULL, 'PUT', 21, '{\"code\":200,\"msg\":\"修改成功!\"}', '0:0:0:0:0:0:0:1', '2020-03-22 15:59:59', NULL);
INSERT INTO `cl_log` VALUES (65, '/articleType/update', '[ArticleType(typeId=1, typeName=xxx, typeCount=null, createdTime=null, updateTime=null, isEnable=null, isDeleted=null, version=1)]', 1, NULL, 'PUT', 27, '{\"code\":200,\"msg\":\"修改成功!\"}', '0:0:0:0:0:0:0:1', '2020-03-22 16:00:33', NULL);
INSERT INTO `cl_log` VALUES (66, '/articleType/update', '[ArticleType(typeId=1, typeName=xxx, typeCount=null, createdTime=null, updateTime=null, isEnable=null, isDeleted=null, version=1)]', 1, NULL, 'PUT', 19, '{\"code\":200,\"msg\":\"修改成功!\"}', '0:0:0:0:0:0:0:1', '2020-03-22 16:00:38', NULL);
INSERT INTO `cl_log` VALUES (67, '/articleType/update', '[ArticleType(typeId=1, typeName=软件工程, typeCount=null, createdTime=null, updateTime=null, isEnable=null, isDeleted=null, version=2)]', 0, 'org.springframework.jdbc.UncategorizedSQLException: \n### Error updating database.  Cause: java.sql.SQLException: Incorrect string value: \'\\xE8\\xBD\\xAF\\xE4\\xBB\\xB6...\' for column \'type_name\' at row 1\n### The error may involve com.hnxx.zy.clms.core.mapper.ArticleTypeMapper.update-Inline\n### Cause: java.sql.SQLException: Incorrect string value: \'\\xE8\\xBD\\xAF\\xE4\\xBB\\xB6...\' for column \'type_name\' at row 1\n; uncategorized SQLException; SQL state [HY000]; error code [1366]; Incorrect string value: \'\\xE8\\xBD\\xAF\\xE4\\xBB\\xB6...\' for column \'type_name\' at row 1; nested exception is java.sql.SQLException: Incorrect string value: \'\\xE8\\xBD\\xAF\\xE4\\xBB\\xB6...\' for column \'type_name\' at row 1\n	at com.hnxx.zy.clms.core.service.impl.ArticleTypeServiceImpl.update(ArticleTypeServiceImpl.java:62)\n	at com.hnxx.zy.clms.controller.ArticleTypeController.update(ArticleTypeController.java:74)\n	at com.hnxx.zy.clms.controller.ArticleTypeController$$FastClassBySpringCGLIB$$1107d7a5.invoke(<generated>)\n	at com.hnxx.zy.clms.common.aspect.RequestAspect.doAround(RequestAspect.java:78)\n	at com.hnxx.zy.clms.controller.ArticleTypeController$$EnhancerBySpringCGLIB$$92aead80.update(<generated>)\nCaused by: java.sql.SQLException: Incorrect string value: \'\\xE8\\xBD\\xAF\\xE4\\xBB\\xB6...\' for column \'type_name\' at row 1\n', 'PUT', 0, NULL, '0:0:0:0:0:0:0:1', '2020-03-22 16:01:07', NULL);
INSERT INTO `cl_log` VALUES (68, '/articleType/update', '[ArticleType(typeId=1, typeName=软件工程, typeCount=null, createdTime=null, updateTime=null, isEnable=null, isDeleted=null, version=2)]', 1, NULL, 'PUT', 124, '{\"code\":200,\"msg\":\"修改成功!\"}', '0:0:0:0:0:0:0:1', '2020-03-22 16:02:04', NULL);
INSERT INTO `cl_log` VALUES (69, '/articleType/delete/1', '[1]', 1, NULL, 'DELETE', 249, '{\"code\":200,\"msg\":\"删除成功!\"}', '0:0:0:0:0:0:0:1', '2020-03-22 16:16:22', NULL);
INSERT INTO `cl_log` VALUES (70, '/articleType/getList', '[]', 1, NULL, 'GET', 50, '{\"code\":200,\"data\":[{\"typeCount\":0,\"typeId\":2,\"typeName\":\"C++\"},{\"typeCount\":0,\"typeId\":3,\"typeName\":\"Java\"},{\"typeCount\":0,\"typeId\":4,\"typeName\":\"Python\"}],\"msg\":\"操作成功！\"}', '0:0:0:0:0:0:0:1', '2020-03-22 16:16:49', NULL);
INSERT INTO `cl_log` VALUES (71, '/articleType/getAll', '[]', 1, NULL, 'GET', 50, '{\"code\":200,\"data\":[{\"createdTime\":\"2020-03-22 14:23:44\",\"isDeleted\":0,\"isEnable\":1,\"typeCount\":0,\"typeId\":2,\"typeName\":\"C++\",\"updateTime\":\"2020-03-22 14:23:44\"},{\"createdTime\":\"2020-03-22 14:23:53\",\"isDeleted\":0,\"isEnable\":1,\"typeCount\":0,\"typeId\":3,\"typeName\":\"Java\",\"updateTime\":\"2020-03-22 14:23:53\"},{\"createdTime\":\"2020-03-22 14:24:07\",\"isDeleted\":0,\"isEnable\":1,\"typeCount\":0,\"typeId\":4,\"typeName\":\"Python\",\"updateTime\":\"2020-03-22 14:24:07\"}],\"msg\":\"操作成功！\"}', '0:0:0:0:0:0:0:1', '2020-03-22 16:16:54', NULL);
INSERT INTO `cl_log` VALUES (72, '/articleType/save', '[ArticleType(typeId=null, typeName=Python, typeCount=null, createdTime=null, updateTime=null, isEnable=null, isDeleted=null, version=null)]', 0, 'com.hnxx.zy.clms.common.exception.ClmsException: 该文章分类已经存在!\n	at com.hnxx.zy.clms.core.service.impl.ArticleTypeServiceImpl.save(ArticleTypeServiceImpl.java:33)\n	at com.hnxx.zy.clms.controller.ArticleTypeController.save(ArticleTypeController.java:32)\n	at com.hnxx.zy.clms.controller.ArticleTypeController$$FastClassBySpringCGLIB$$1107d7a5.invoke(<generated>)\n	at com.hnxx.zy.clms.common.aspect.RequestAspect.doAround(RequestAspect.java:78)\n	at com.hnxx.zy.clms.controller.ArticleTypeController$$EnhancerBySpringCGLIB$$3b2c3976.save(<generated>)\n', 'POST', 0, NULL, '0:0:0:0:0:0:0:1', '2020-03-22 16:27:35', NULL);
INSERT INTO `cl_log` VALUES (73, '/articleType/enable/1', '[1]', 0, 'org.mybatis.spring.MyBatisSystemException: nested exception is org.apache.ibatis.reflection.ReflectionException: There is no getter for property named \'articleType\' in \'class com.hnxx.zy.clms.core.entity.ArticleType\'\n	at com.hnxx.zy.clms.core.service.impl.ArticleTypeServiceImpl.enabledById(ArticleTypeServiceImpl.java:95)\n	at com.hnxx.zy.clms.controller.ArticleTypeController.enable(ArticleTypeController.java:96)\n	at com.hnxx.zy.clms.controller.ArticleTypeController$$FastClassBySpringCGLIB$$1107d7a5.invoke(<generated>)\n	at com.hnxx.zy.clms.common.aspect.RequestAspect.doAround(RequestAspect.java:78)\n	at com.hnxx.zy.clms.controller.ArticleTypeController$$EnhancerBySpringCGLIB$$ea528a6f.enable(<generated>)\nCaused by: org.apache.ibatis.reflection.ReflectionException: There is no getter for property named \'articleType\' in \'class com.hnxx.zy.clms.core.entity.ArticleType\'\n', 'PUT', 0, NULL, '0:0:0:0:0:0:0:1', '2020-03-22 16:49:10', NULL);
INSERT INTO `cl_log` VALUES (74, '/articleType/enable/1', '[1]', 0, 'org.mybatis.spring.MyBatisSystemException: nested exception is org.apache.ibatis.reflection.ReflectionException: There is no getter for property named \'articleType\' in \'class com.hnxx.zy.clms.core.entity.ArticleType\'\n	at com.hnxx.zy.clms.core.service.impl.ArticleTypeServiceImpl.enabledById(ArticleTypeServiceImpl.java:95)\n	at com.hnxx.zy.clms.controller.ArticleTypeController.enable(ArticleTypeController.java:96)\n	at com.hnxx.zy.clms.controller.ArticleTypeController$$FastClassBySpringCGLIB$$1107d7a5.invoke(<generated>)\n	at com.hnxx.zy.clms.common.aspect.RequestAspect.doAround(RequestAspect.java:78)\n	at com.hnxx.zy.clms.controller.ArticleTypeController$$EnhancerBySpringCGLIB$$2b0f20bb.enable(<generated>)\nCaused by: org.apache.ibatis.reflection.ReflectionException: There is no getter for property named \'articleType\' in \'class com.hnxx.zy.clms.core.entity.ArticleType\'\n', 'PUT', 0, NULL, '0:0:0:0:0:0:0:1', '2020-03-22 17:23:56', NULL);
INSERT INTO `cl_log` VALUES (75, '/articleType/enable/2', '[2]', 0, 'org.mybatis.spring.MyBatisSystemException: nested exception is org.apache.ibatis.reflection.ReflectionException: There is no getter for property named \'articleType\' in \'class com.hnxx.zy.clms.core.entity.ArticleType\'\n	at com.hnxx.zy.clms.core.service.impl.ArticleTypeServiceImpl.enabledById(ArticleTypeServiceImpl.java:95)\n	at com.hnxx.zy.clms.controller.ArticleTypeController.enable(ArticleTypeController.java:96)\n	at com.hnxx.zy.clms.controller.ArticleTypeController$$FastClassBySpringCGLIB$$1107d7a5.invoke(<generated>)\n	at com.hnxx.zy.clms.common.aspect.RequestAspect.doAround(RequestAspect.java:78)\n	at com.hnxx.zy.clms.controller.ArticleTypeController$$EnhancerBySpringCGLIB$$2b0f20bb.enable(<generated>)\nCaused by: org.apache.ibatis.reflection.ReflectionException: There is no getter for property named \'articleType\' in \'class com.hnxx.zy.clms.core.entity.ArticleType\'\n', 'PUT', 0, NULL, '0:0:0:0:0:0:0:1', '2020-03-22 17:24:20', NULL);
INSERT INTO `cl_log` VALUES (76, '/articleType/enable/2', '[2]', 0, 'org.mybatis.spring.MyBatisSystemException: nested exception is org.apache.ibatis.reflection.ReflectionException: There is no getter for property named \'isEnable\' in \'class com.hnxx.zy.clms.core.entity.ArticleType\'\n	at com.hnxx.zy.clms.core.service.impl.ArticleTypeServiceImpl.enabledById(ArticleTypeServiceImpl.java:95)\n	at com.hnxx.zy.clms.controller.ArticleTypeController.enable(ArticleTypeController.java:96)\n	at com.hnxx.zy.clms.controller.ArticleTypeController$$FastClassBySpringCGLIB$$1107d7a5.invoke(<generated>)\n	at com.hnxx.zy.clms.common.aspect.RequestAspect.doAround(RequestAspect.java:78)\n	at com.hnxx.zy.clms.controller.ArticleTypeController$$EnhancerBySpringCGLIB$$7048233a.enable(<generated>)\nCaused by: org.apache.ibatis.reflection.ReflectionException: There is no getter for property named \'isEnable\' in \'class com.hnxx.zy.clms.core.entity.ArticleType\'\n', 'PUT', 0, NULL, '0:0:0:0:0:0:0:1', '2020-03-22 17:37:00', NULL);
INSERT INTO `cl_log` VALUES (78, '/articleType/enable/2', '[2]', 1, NULL, 'PUT', 168, '{\"code\":200,\"msg\":\"已启用!\"}', '0:0:0:0:0:0:0:1', '2020-03-22 17:41:19', NULL);
INSERT INTO `cl_log` VALUES (79, '/articleType/enable/1', '[1]', 1, NULL, 'PUT', 154, '{\"code\":200,\"msg\":\"已启用!\"}', '0:0:0:0:0:0:0:1', '2020-03-22 17:41:30', NULL);
INSERT INTO `cl_log` VALUES (80, '/articleType/disable/1', '[1]', 1, NULL, 'PUT', 146, '{\"code\":200,\"msg\":\"已弃用!\"}', '0:0:0:0:0:0:0:1', '2020-03-22 17:43:06', NULL);
INSERT INTO `cl_log` VALUES (81, '/articleType/save', '[ArticleType(typeId=null, typeName=Spring Boot, typeCount=null, createdTime=null, updateTime=null, isEnabled=null, isDeleted=null, version=null)]', 1, NULL, 'POST', 341, '{\"code\":200,\"msg\":\"添加成功！\"}', '0:0:0:0:0:0:0:1', '2020-03-22 19:26:05', NULL);
INSERT INTO `cl_log` VALUES (82, '/articleType/get/2', '[2]', 1, NULL, 'GET', 29, '{\"code\":200,\"data\":{\"isDeleted\":0,\"typeCount\":0,\"typeId\":2,\"typeName\":\"C++\",\"version\":3},\"msg\":\"操作成功！\"}', '0:0:0:0:0:0:0:1', '2020-03-22 19:26:33', NULL);
INSERT INTO `cl_log` VALUES (83, '/articleType/getList', '[]', 1, NULL, 'GET', 21, '{\"code\":200,\"data\":[{\"typeCount\":0,\"typeId\":2,\"typeName\":\"C++\"},{\"typeCount\":0,\"typeId\":3,\"typeName\":\"Java\"},{\"typeCount\":0,\"typeId\":4,\"typeName\":\"Python\"},{\"typeCount\":0,\"typeId\":5,\"typeName\":\"Spring Boot\"}],\"msg\":\"操作成功！\"}', '0:0:0:0:0:0:0:1', '2020-03-22 19:26:41', NULL);
INSERT INTO `cl_log` VALUES (84, '/articleType/getAll', '[]', 1, NULL, 'GET', 43, '{\"code\":200,\"data\":[{\"createdTime\":\"2020-03-22 14:23:28\",\"isDeleted\":0,\"isEnabled\":0,\"typeCount\":0,\"typeId\":1,\"typeName\":\"软件工程\",\"updateTime\":\"2020-03-22 17:43:06\"},{\"createdTime\":\"2020-03-22 14:23:44\",\"isDeleted\":0,\"isEnabled\":1,\"typeCount\":0,\"typeId\":2,\"typeName\":\"C++\",\"updateTime\":\"2020-03-22 17:41:19\"},{\"createdTime\":\"2020-03-22 14:23:53\",\"isDeleted\":0,\"isEnabled\":1,\"typeCount\":0,\"typeId\":3,\"typeName\":\"Java\",\"updateTime\":\"2020-03-22 14:23:53\"},{\"createdTime\":\"2020-03-22 14:24:07\",\"isDeleted\":0,\"isEnabled\":1,\"typeCount\":0,\"typeId\":4,\"typeName\":\"Python\",\"updateTime\":\"2020-03-22 14:24:07\"},{\"createdTime\":\"2020-03-22 19:26:04\",\"isDeleted\":0,\"isEnabled\":1,\"typeCount\":0,\"typeId\":5,\"typeName\":\"Spring Boot\",\"updateTime\":\"2020-03-22 19:26:04\"}],\"msg\":\"操作成功！\"}', '0:0:0:0:0:0:0:1', '2020-03-22 19:26:56', NULL);
INSERT INTO `cl_log` VALUES (85, '/articleType/update', '[ArticleType(typeId=1, typeName=软件工程++, typeCount=null, createdTime=null, updateTime=null, isEnabled=null, isDeleted=null, version=6)]', 1, NULL, 'PUT', 146, '{\"code\":200,\"msg\":\"修改成功!\"}', '0:0:0:0:0:0:0:1', '2020-03-22 19:27:22', NULL);
INSERT INTO `cl_log` VALUES (86, '/articleType/enable/1', '[1]', 1, NULL, 'PUT', 137, '{\"code\":200,\"msg\":\"已启用!\"}', '0:0:0:0:0:0:0:1', '2020-03-22 19:27:49', NULL);
INSERT INTO `cl_log` VALUES (87, '/articleType/disable/1', '[1]', 1, NULL, 'PUT', 119, '{\"code\":200,\"msg\":\"已弃用!\"}', '0:0:0:0:0:0:0:1', '2020-03-22 19:28:01', NULL);
INSERT INTO `cl_log` VALUES (88, '/articleType/enable/1', '[1]', 1, NULL, 'PUT', 167, '{\"code\":200,\"msg\":\"已启用!\"}', '0:0:0:0:0:0:0:1', '2020-03-22 19:28:05', NULL);
INSERT INTO `cl_log` VALUES (89, '/login', '[]', 1, NULL, 'GET', 47, '\"/login\"', '0:0:0:0:0:0:0:1', '2020-03-23 22:25:06', NULL);
INSERT INTO `cl_log` VALUES (90, '/', '[]', 1, NULL, 'GET', 25, '\"index\"', '0:0:0:0:0:0:0:1', '2020-03-23 22:26:04', NULL);
INSERT INTO `cl_log` VALUES (91, '/', '[]', 1, NULL, 'GET', 4, '\"index\"', '0:0:0:0:0:0:0:1', '2020-03-23 22:26:06', NULL);
INSERT INTO `cl_log` VALUES (92, '/', '[]', 1, NULL, 'GET', 5, '\"index\"', '0:0:0:0:0:0:0:1', '2020-03-23 22:26:07', NULL);
INSERT INTO `cl_log` VALUES (93, '/', '[]', 1, NULL, 'GET', 4, '\"index\"', '0:0:0:0:0:0:0:1', '2020-03-23 22:26:08', NULL);
INSERT INTO `cl_log` VALUES (94, '/', '[]', 1, NULL, 'GET', 17, '\"index\"', '0:0:0:0:0:0:0:1', '2020-03-23 22:29:26', NULL);
INSERT INTO `cl_log` VALUES (95, '/', '[]', 1, NULL, 'GET', 15, '\"index\"', '0:0:0:0:0:0:0:1', '2020-03-23 22:31:40', NULL);
INSERT INTO `cl_log` VALUES (96, '/', '[]', 1, NULL, 'GET', 2, '\"index\"', '0:0:0:0:0:0:0:1', '2020-03-23 22:31:42', NULL);
INSERT INTO `cl_log` VALUES (97, '/', '[]', 1, NULL, 'GET', 3, '\"index\"', '0:0:0:0:0:0:0:1', '2020-03-23 22:31:43', NULL);
INSERT INTO `cl_log` VALUES (98, '/', '[]', 1, NULL, 'GET', 5, '\"index\"', '0:0:0:0:0:0:0:1', '2020-03-23 22:31:44', NULL);
INSERT INTO `cl_log` VALUES (99, '/', '[]', 1, NULL, 'GET', 16, '\"index\"', '0:0:0:0:0:0:0:1', '2020-03-23 22:33:22', NULL);
INSERT INTO `cl_log` VALUES (100, '/', '[]', 1, NULL, 'GET', 16, '\"index\"', '0:0:0:0:0:0:0:1', '2020-03-23 22:40:58', NULL);
INSERT INTO `cl_log` VALUES (101, '/', '[]', 1, NULL, 'GET', 18, '\"index\"', '0:0:0:0:0:0:0:1', '2020-03-23 22:46:11', NULL);
INSERT INTO `cl_log` VALUES (102, '/', '[]', 1, NULL, 'GET', 23, '\"index\"', '0:0:0:0:0:0:0:1', '2020-03-23 23:06:36', NULL);
INSERT INTO `cl_log` VALUES (103, '/', '[]', 1, NULL, 'GET', 25, '\"index\"', '0:0:0:0:0:0:0:1', '2020-03-23 23:08:23', NULL);
INSERT INTO `cl_log` VALUES (104, '/', '[]', 1, NULL, 'GET', 17, '\"index\"', '0:0:0:0:0:0:0:1', '2020-03-23 23:11:32', NULL);
INSERT INTO `cl_log` VALUES (105, '/register', '[]', 1, NULL, 'GET', 21, '\"register\"', '0:0:0:0:0:0:0:1', '2020-03-23 23:14:24', NULL);
INSERT INTO `cl_log` VALUES (106, '/register', '[]', 1, NULL, 'GET', 3, '\"register\"', '0:0:0:0:0:0:0:1', '2020-03-23 23:14:31', NULL);
INSERT INTO `cl_log` VALUES (107, '/register', '[]', 1, NULL, 'GET', 20, '\"register.html\"', '0:0:0:0:0:0:0:1', '2020-03-23 23:15:19', NULL);
INSERT INTO `cl_log` VALUES (108, '/', '[]', 1, NULL, 'GET', 16, '\"index\"', '0:0:0:0:0:0:0:1', '2020-03-23 23:15:27', NULL);
INSERT INTO `cl_log` VALUES (109, '/register', '[]', 1, NULL, 'GET', 6, '\"register.html\"', '0:0:0:0:0:0:0:1', '2020-03-23 23:15:48', NULL);
INSERT INTO `cl_log` VALUES (110, '/', '[]', 1, NULL, 'GET', 13, '\"index\"', '0:0:0:0:0:0:0:1', '2020-03-23 23:18:06', NULL);
INSERT INTO `cl_log` VALUES (111, '/', '[]', 1, NULL, 'GET', 20, '\"index\"', '0:0:0:0:0:0:0:1', '2020-03-23 23:19:58', NULL);
INSERT INTO `cl_log` VALUES (112, '/register', '[]', 1, NULL, 'GET', 11, '\"register.html\"', '0:0:0:0:0:0:0:1', '2020-03-23 23:20:00', NULL);
INSERT INTO `cl_log` VALUES (113, '/register', '[]', 1, NULL, 'GET', 5, '\"register.html\"', '0:0:0:0:0:0:0:1', '2020-03-23 23:20:05', NULL);
INSERT INTO `cl_log` VALUES (114, '/register', '[]', 1, NULL, 'GET', 6, '\"register.html\"', '0:0:0:0:0:0:0:1', '2020-03-23 23:21:02', NULL);
INSERT INTO `cl_log` VALUES (115, '/register', '[]', 1, NULL, 'GET', 17, '\"register.html\"', '0:0:0:0:0:0:0:1', '2020-03-23 23:25:08', NULL);
INSERT INTO `cl_log` VALUES (116, '/register', '[]', 1, NULL, 'GET', 5, '\"register.html\"', '0:0:0:0:0:0:0:1', '2020-03-23 23:25:21', NULL);
INSERT INTO `cl_log` VALUES (117, '/', '[]', 1, NULL, 'GET', 25, '\"index\"', '0:0:0:0:0:0:0:1', '2020-03-23 23:27:08', NULL);
INSERT INTO `cl_log` VALUES (118, '/register', '[]', 1, NULL, 'GET', 10, '\"register.html\"', '0:0:0:0:0:0:0:1', '2020-03-23 23:27:11', NULL);
INSERT INTO `cl_log` VALUES (119, '/', '[]', 1, NULL, 'GET', 16, '\"index\"', '0:0:0:0:0:0:0:1', '2020-03-23 23:28:16', NULL);
INSERT INTO `cl_log` VALUES (120, '/register', '[]', 1, NULL, 'GET', 14, '\"register\"', '0:0:0:0:0:0:0:1', '2020-03-23 23:28:18', NULL);
INSERT INTO `cl_log` VALUES (121, '/register', '[]', 1, NULL, 'GET', 21, '\"register\"', '0:0:0:0:0:0:0:1', '2020-03-23 23:35:12', NULL);
INSERT INTO `cl_log` VALUES (122, '/register', '[]', 1, NULL, 'GET', 13, '\"register\"', '0:0:0:0:0:0:0:1', '2020-03-23 23:35:56', NULL);
INSERT INTO `cl_log` VALUES (123, '/register', '[]', 1, NULL, 'GET', 4, '\"register\"', '0:0:0:0:0:0:0:1', '2020-03-23 23:36:04', NULL);
INSERT INTO `cl_log` VALUES (124, '/register', '[]', 1, NULL, 'GET', 7, '\"register\"', '0:0:0:0:0:0:0:1', '2020-03-23 23:36:10', NULL);
INSERT INTO `cl_log` VALUES (125, '/register', '[]', 1, NULL, 'GET', 20, '\"register\"', '0:0:0:0:0:0:0:1', '2020-03-23 23:38:10', NULL);
INSERT INTO `cl_log` VALUES (126, '/backlogin/', '[]', 1, NULL, 'GET', 8, '\"index\"', '0:0:0:0:0:0:0:1', '2020-03-23 23:38:11', NULL);
INSERT INTO `cl_log` VALUES (127, '/register', '[]', 1, NULL, 'GET', 3, '\"register\"', '0:0:0:0:0:0:0:1', '2020-03-23 23:38:20', NULL);
INSERT INTO `cl_log` VALUES (128, '/backlogin/', '[]', 1, NULL, 'GET', 9, '\"index\"', '0:0:0:0:0:0:0:1', '2020-03-23 23:38:22', NULL);
INSERT INTO `cl_log` VALUES (129, '/backlogin/', '[]', 1, NULL, 'GET', 5, '\"index\"', '0:0:0:0:0:0:0:1', '2020-03-23 23:38:37', NULL);
INSERT INTO `cl_log` VALUES (130, '/register', '[]', 1, NULL, 'GET', 3, '\"register\"', '0:0:0:0:0:0:0:1', '2020-03-23 23:38:40', NULL);
INSERT INTO `cl_log` VALUES (131, '/register', '[]', 1, NULL, 'GET', 16, '\"register\"', '0:0:0:0:0:0:0:1', '2020-03-23 23:41:10', NULL);
INSERT INTO `cl_log` VALUES (132, '/register', '[]', 1, NULL, 'GET', 18, '\"register\"', '0:0:0:0:0:0:0:1', '2020-03-23 23:42:49', NULL);
INSERT INTO `cl_log` VALUES (133, '/index/', '[]', 1, NULL, 'GET', 11, '\"index\"', '0:0:0:0:0:0:0:1', '2020-03-23 23:42:52', NULL);
INSERT INTO `cl_log` VALUES (134, '/', '[]', 1, NULL, 'GET', 43, '\"index\"', '0:0:0:0:0:0:0:1', '2020-03-24 00:01:29', NULL);
INSERT INTO `cl_log` VALUES (135, '/register', '[]', 1, NULL, 'GET', 10, '\"register\"', '0:0:0:0:0:0:0:1', '2020-03-24 00:01:32', NULL);
INSERT INTO `cl_log` VALUES (136, '/index.html', '[]', 1, NULL, 'GET', 6, '\"index\"', '0:0:0:0:0:0:0:1', '2020-03-24 00:01:34', NULL);
INSERT INTO `cl_log` VALUES (137, '/register', '[]', 1, NULL, 'GET', 3, '\"register\"', '0:0:0:0:0:0:0:1', '2020-03-24 00:01:38', NULL);
INSERT INTO `cl_log` VALUES (138, '/index.html', '[]', 1, NULL, 'GET', 4, '\"index\"', '0:0:0:0:0:0:0:1', '2020-03-24 00:01:40', NULL);
INSERT INTO `cl_log` VALUES (139, '/register', '[]', 1, NULL, 'GET', 4, '\"register\"', '0:0:0:0:0:0:0:1', '2020-03-24 00:01:42', NULL);
INSERT INTO `cl_log` VALUES (140, '/index.html', '[]', 1, NULL, 'GET', 8, '\"index\"', '0:0:0:0:0:0:0:1', '2020-03-24 00:01:43', NULL);
INSERT INTO `cl_log` VALUES (141, '/register', '[]', 1, NULL, 'GET', 5, '\"register\"', '0:0:0:0:0:0:0:1', '2020-03-24 00:01:45', NULL);
INSERT INTO `cl_log` VALUES (142, '/index.html', '[]', 1, NULL, 'GET', 5, '\"index\"', '0:0:0:0:0:0:0:1', '2020-03-24 00:01:46', NULL);
INSERT INTO `cl_log` VALUES (143, '/', '[]', 1, NULL, 'GET', 5, '\"index\"', '0:0:0:0:0:0:0:1', '2020-03-24 00:01:50', NULL);
INSERT INTO `cl_log` VALUES (144, '/register', '[]', 1, NULL, 'GET', 2, '\"register\"', '0:0:0:0:0:0:0:1', '2020-03-24 00:01:52', NULL);
INSERT INTO `cl_log` VALUES (145, '/index.html', '[]', 1, NULL, 'GET', 4, '\"index\"', '0:0:0:0:0:0:0:1', '2020-03-24 00:01:53', NULL);
INSERT INTO `cl_log` VALUES (146, '/log/delete/77', '[77]', 1, NULL, 'DELETE', 371, '{\"code\":200,\"msg\":\"删除成功!\"}', '0:0:0:0:0:0:0:1', '2020-03-24 12:14:41', NULL);
INSERT INTO `cl_log` VALUES (147, '/comment/save', '[Comment(commentId=null, commentContent=测试评论评论6, commentUser=1, commentArticle=1, commentGood=null, commentTime=null, commentType=1, isEnabled=null, isDeleted=null, pid=1, commentList=[])]', 0, 'org.springframework.jdbc.BadSqlGrammarException: \n### Error updating database.  Cause: java.sql.SQLSyntaxErrorException: Unknown column \'comment_type\' in \'field list\'\n### The error may involve com.hnxx.zy.clms.core.mapper.CommentMapper.save-Inline\n### Cause: java.sql.SQLSyntaxErrorException: Unknown column \'comment_type\' in \'field list\'\n; bad SQL grammar []; nested exception is java.sql.SQLSyntaxErrorException: Unknown column \'comment_type\' in \'field list\'\n	at com.hnxx.zy.clms.core.service.impl.CommentServiceImpl.save(CommentServiceImpl.java:37)\n	at com.hnxx.zy.clms.core.service.impl.CommentServiceImpl$$FastClassBySpringCGLIB$$e85454c7.invoke(<generated>)\n	at com.hnxx.zy.clms.core.service.impl.CommentServiceImpl$$EnhancerBySpringCGLIB$$b39a462a.save(<generated>)\n	at com.hnxx.zy.clms.controller.CommentController.save(CommentController.java:30)\n	at com.hnxx.zy.clms.controller.CommentController$$FastClassBySpringCGLIB$$3074ce74.invoke(<generated>)\n	at com.hnxx.zy.clms.common.aspect.RequestAspect.doAround(RequestAspect.java:78)\n	at com.hnxx.zy.clms.controller.CommentController$$EnhancerBySpringCGLIB$$be437cb6.save(<generated>)\n	at com.hnxx.zy.clms.security.jwt.JwtAuthTokenFilter.doFilterInternal(JwtAuthTokenFilter.java:53)\nCaused by: java.sql.SQLSyntaxErrorException: Unknown column \'comment_type\' in \'field list\'\n', 'POST', 0, NULL, '0:0:0:0:0:0:0:1', '2020-03-24 22:15:45', NULL);
INSERT INTO `cl_log` VALUES (148, '/error', '[SecurityContextHolderAwareRequestWrapper[ org.springframework.security.web.context.HttpSessionSecurityContextRepository$SaveToSessionRequestWrapper@514cf2c0]]', 1, 'org.springframework.jdbc.BadSqlGrammarException: \n### Error updating database.  Cause: java.sql.SQLSyntaxErrorException: Unknown column \'comment_type\' in \'field list\'\n### The error may involve com.hnxx.zy.clms.core.mapper.CommentMapper.save-Inline\n### Cause: java.sql.SQLSyntaxErrorException: Unknown column \'comment_type\' in \'field list\'\n; bad SQL grammar []; nested exception is java.sql.SQLSyntaxErrorException: Unknown column \'comment_type\' in \'field list\'\n	at com.hnxx.zy.clms.core.service.impl.CommentServiceImpl.save(CommentServiceImpl.java:37)\n	at com.hnxx.zy.clms.core.service.impl.CommentServiceImpl$$FastClassBySpringCGLIB$$e85454c7.invoke(<generated>)\n	at com.hnxx.zy.clms.core.service.impl.CommentServiceImpl$$EnhancerBySpringCGLIB$$b39a462a.save(<generated>)\n	at com.hnxx.zy.clms.controller.CommentController.save(CommentController.java:30)\n	at com.hnxx.zy.clms.controller.CommentController$$FastClassBySpringCGLIB$$3074ce74.invoke(<generated>)\n	at com.hnxx.zy.clms.common.aspect.RequestAspect.doAround(RequestAspect.java:78)\n	at com.hnxx.zy.clms.controller.CommentController$$EnhancerBySpringCGLIB$$be437cb6.save(<generated>)\n	at com.hnxx.zy.clms.security.jwt.JwtAuthTokenFilter.doFilterInternal(JwtAuthTokenFilter.java:53)\nCaused by: java.sql.SQLSyntaxErrorException: Unknown column \'comment_type\' in \'field list\'\n', 'POST', 6, '{\"code\":500,\"msg\":\"服务器故障\"}', '0:0:0:0:0:0:0:1', '2020-03-24 22:15:45', NULL);
INSERT INTO `cl_log` VALUES (149, '/comment/save', '[Comment(commentId=null, commentContent=测试评论评论6, commentUser=1, commentArticle=1, commentGood=null, commentTime=null, commentType=1, isEnabled=null, isDeleted=null, pid=1, commentList=[])]', 1, NULL, 'POST', 227, '{\"code\":200,\"msg\":\"添加成功！\"}', '0:0:0:0:0:0:0:1', '2020-03-24 22:19:42', NULL);
INSERT INTO `cl_log` VALUES (150, '/comment/getAll', '[]', 1, NULL, 'GET', 451, '{\"code\":200,\"data\":[{\"commentArticle\":1,\"commentContent\":\"测试文章评论1\",\"commentGood\":0,\"commentId\":1,\"commentList\":[{\"commentArticle\":1,\"commentContent\":\"测试评论评论2\",\"commentGood\":0,\"commentId\":2,\"commentList\":[],\"commentTime\":\"2020-03-24 16:13:42\",\"commentType\":1,\"commentUser\":0,\"isDeleted\":0,\"isEnabled\":1,\"pid\":1},{\"commentArticle\":1,\"commentContent\":\"测试评论评论3\",\"commentGood\":0,\"commentId\":3,\"commentList\":[],\"commentTime\":\"2020-03-24 16:24:40\",\"commentType\":1,\"commentUser\":0,\"isDeleted\":0,\"isEnabled\":1,\"pid\":1},{\"commentArticle\":1,\"commentContent\":\"测试评论评论6\",\"commentGood\":0,\"commentId\":15,\"commentList\":[],\"commentTime\":\"2020-03-24 22:19:42\",\"commentType\":1,\"commentUser\":1,\"isDeleted\":0,\"isEnabled\":1,\"pid\":1}],\"commentTime\":\"2020-03-24 16:01:17\",\"commentType\":0,\"commentUser\":0,\"isDeleted\":0,\"isEnabled\":1,\"pid\":0},{\"commentArticle\":1,\"commentContent\":\"测试文章评论4\",\"commentGood\":0,\"commentId\":13,\"commentList\":[],\"commentTime\":\"2020-03-24 22:08:07\",\"commentType\":0,\"commentUser\":1,\"isDeleted\":0,\"isEnabled\":1,\"pid\":0},{\"commentArticle\":1,\"commentContent\":\"测试文章评论5\",\"commentGood\":0,\"commentId\":14,\"commentList\":[],\"commentTime\":\"2020-03-24 22:08:21\",\"commentType\":0,\"commentUser\":1,\"isDeleted\":0,\"isEnabled\":1,\"pid\":0}],\"msg\":\"操作成功！\"}', '0:0:0:0:0:0:0:1', '2020-03-24 22:20:06', NULL);
INSERT INTO `cl_log` VALUES (151, '/comment/getAll', '[]', 1, NULL, 'GET', 501, '{\"code\":200,\"data\":[{\"commentArticle\":1,\"commentContent\":\"测试文章评论1\",\"commentGood\":0,\"commentId\":1,\"commentList\":[{\"commentArticle\":1,\"commentContent\":\"测试评论评论2\",\"commentGood\":0,\"commentId\":2,\"commentList\":[],\"commentTime\":\"2020-03-24 16:13:42\",\"commentType\":1,\"commentUser\":0,\"isDeleted\":0,\"isEnabled\":1,\"pid\":1},{\"commentArticle\":1,\"commentContent\":\"测试评论评论3\",\"commentGood\":0,\"commentId\":3,\"commentList\":[],\"commentTime\":\"2020-03-24 16:24:40\",\"commentType\":1,\"commentUser\":0,\"isDeleted\":0,\"isEnabled\":1,\"pid\":1},{\"commentArticle\":1,\"commentContent\":\"测试评论评论6\",\"commentGood\":0,\"commentId\":15,\"commentList\":[],\"commentTime\":\"2020-03-24 22:19:42\",\"commentType\":1,\"commentUser\":1,\"isDeleted\":0,\"isEnabled\":1,\"pid\":1}],\"commentTime\":\"2020-03-24 16:01:17\",\"commentType\":0,\"commentUser\":0,\"isDeleted\":0,\"isEnabled\":1,\"pid\":0},{\"commentArticle\":1,\"commentContent\":\"测试文章评论4\",\"commentGood\":0,\"commentId\":13,\"commentList\":[],\"commentTime\":\"2020-03-24 22:08:07\",\"commentType\":0,\"commentUser\":1,\"isDeleted\":0,\"isEnabled\":1,\"pid\":0},{\"commentArticle\":1,\"commentContent\":\"测试文章评论5\",\"commentGood\":0,\"commentId\":14,\"commentList\":[],\"commentTime\":\"2020-03-24 22:08:21\",\"commentType\":0,\"commentUser\":1,\"isDeleted\":0,\"isEnabled\":1,\"pid\":0}],\"msg\":\"操作成功！\"}', '0:0:0:0:0:0:0:1', '2020-03-24 23:05:25', NULL);
INSERT INTO `cl_log` VALUES (152, '/comment/save', '[Comment(commentId=null, commentContent=测试评论评论6, commentUser=1, commentArticle=1, commentGood=null, commentTime=null, commentType=1, isEnabled=null, isDeleted=null, pid=14, commentList=[])]', 1, NULL, 'POST', 255, '{\"code\":200,\"msg\":\"添加成功！\"}', '0:0:0:0:0:0:0:1', '2020-03-24 23:08:14', NULL);
INSERT INTO `cl_log` VALUES (153, '/comment/save', '[Comment(commentId=null, commentContent=测试评论评论8, commentUser=2, commentArticle=1, commentGood=null, commentTime=null, commentType=1, isEnabled=null, isDeleted=null, pid=14, commentList=[])]', 1, NULL, 'POST', 246, '{\"code\":200,\"msg\":\"添加成功！\"}', '0:0:0:0:0:0:0:1', '2020-03-24 23:08:31', NULL);
INSERT INTO `cl_log` VALUES (154, '/comment/getAll', '[]', 1, NULL, 'GET', 355, '{\"code\":200,\"data\":[{\"commentArticle\":1,\"commentContent\":\"测试文章评论1\",\"commentGood\":0,\"commentId\":1,\"commentList\":[{\"commentArticle\":1,\"commentContent\":\"测试评论评论2\",\"commentGood\":0,\"commentId\":2,\"commentList\":[],\"commentTime\":\"2020-03-24 16:13:42\",\"commentType\":1,\"commentUser\":0,\"isDeleted\":0,\"isEnabled\":1,\"pid\":1},{\"commentArticle\":1,\"commentContent\":\"测试评论评论3\",\"commentGood\":0,\"commentId\":3,\"commentList\":[],\"commentTime\":\"2020-03-24 16:24:40\",\"commentType\":1,\"commentUser\":0,\"isDeleted\":0,\"isEnabled\":1,\"pid\":1},{\"commentArticle\":1,\"commentContent\":\"测试评论评论6\",\"commentGood\":0,\"commentId\":15,\"commentList\":[],\"commentTime\":\"2020-03-24 22:19:42\",\"commentType\":1,\"commentUser\":1,\"isDeleted\":0,\"isEnabled\":1,\"pid\":1}],\"commentTime\":\"2020-03-24 16:01:17\",\"commentType\":0,\"commentUser\":0,\"isDeleted\":0,\"isEnabled\":1,\"pid\":0},{\"commentArticle\":1,\"commentContent\":\"测试文章评论4\",\"commentGood\":0,\"commentId\":13,\"commentList\":[],\"commentTime\":\"2020-03-24 22:08:07\",\"commentType\":0,\"commentUser\":1,\"isDeleted\":0,\"isEnabled\":1,\"pid\":0},{\"commentArticle\":1,\"commentContent\":\"测试文章评论5\",\"commentGood\":0,\"commentId\":14,\"commentList\":[{\"commentArticle\":1,\"commentContent\":\"测试评论评论6\",\"commentGood\":0,\"commentId\":16,\"commentList\":[],\"commentTime\":\"2020-03-24 23:08:14\",\"commentType\":1,\"commentUser\":1,\"isDeleted\":0,\"isEnabled\":1,\"pid\":14},{\"commentArticle\":1,\"commentContent\":\"测试评论评论8\",\"commentGood\":0,\"commentId\":17,\"commentList\":[],\"commentTime\":\"2020-03-24 23:08:31\",\"commentType\":1,\"commentUser\":2,\"isDeleted\":0,\"isEnabled\":1,\"pid\":14}],\"commentTime\":\"2020-03-24 22:08:21\",\"commentType\":0,\"commentUser\":1,\"isDeleted\":0,\"isEnabled\":1,\"pid\":0}],\"msg\":\"操作成功！\"}', '0:0:0:0:0:0:0:1', '2020-03-24 23:08:36', NULL);
INSERT INTO `cl_log` VALUES (155, '/comment/getAll', '[]', 1, NULL, 'GET', 547, '{\"code\":200,\"data\":[{\"commentArticle\":1,\"commentContent\":\"测试文章评论1\",\"commentGood\":0,\"commentId\":1,\"commentList\":[{\"commentArticle\":1,\"commentContent\":\"测试评论评论2\",\"commentGood\":0,\"commentId\":2,\"commentList\":[],\"commentTime\":\"2020-03-24 16:13:42\",\"commentType\":1,\"commentUser\":0,\"isDeleted\":0,\"isEnabled\":1,\"pid\":1},{\"commentArticle\":1,\"commentContent\":\"测试评论评论3\",\"commentGood\":0,\"commentId\":3,\"commentList\":[],\"commentTime\":\"2020-03-24 16:24:40\",\"commentType\":1,\"commentUser\":0,\"isDeleted\":0,\"isEnabled\":1,\"pid\":1},{\"commentArticle\":1,\"commentContent\":\"测试评论评论6\",\"commentGood\":0,\"commentId\":15,\"commentList\":[],\"commentTime\":\"2020-03-24 22:19:42\",\"commentType\":1,\"commentUser\":1,\"isDeleted\":0,\"isEnabled\":1,\"pid\":1}],\"commentTime\":\"2020-03-24 16:01:17\",\"commentType\":0,\"commentUser\":0,\"isDeleted\":0,\"isEnabled\":1,\"pid\":0},{\"commentArticle\":1,\"commentContent\":\"测试文章评论4\",\"commentGood\":0,\"commentId\":13,\"commentList\":[],\"commentTime\":\"2020-03-24 22:08:07\",\"commentType\":0,\"commentUser\":1,\"isDeleted\":0,\"isEnabled\":1,\"pid\":0},{\"commentArticle\":1,\"commentContent\":\"测试文章评论5\",\"commentGood\":0,\"commentId\":14,\"commentList\":[{\"commentArticle\":1,\"commentContent\":\"测试评论评论6\",\"commentGood\":0,\"commentId\":16,\"commentList\":[],\"commentTime\":\"2020-03-24 23:08:14\",\"commentType\":1,\"commentUser\":1,\"isDeleted\":0,\"isEnabled\":1,\"pid\":14},{\"commentArticle\":1,\"commentContent\":\"测试评论评论8\",\"commentGood\":0,\"commentId\":17,\"commentList\":[],\"commentTime\":\"2020-03-24 23:08:31\",\"commentType\":1,\"commentUser\":2,\"isDeleted\":0,\"isEnabled\":1,\"pid\":14}],\"commentTime\":\"2020-03-24 22:08:21\",\"commentType\":0,\"commentUser\":1,\"isDeleted\":0,\"isEnabled\":1,\"pid\":0}],\"msg\":\"操作成功！\"}', '0:0:0:0:0:0:0:1', '2020-03-24 23:15:37', NULL);
INSERT INTO `cl_log` VALUES (156, '/error', '[SecurityContextHolderAwareRequestWrapper[ org.springframework.security.web.context.HttpSessionSecurityContextRepository$SaveToSessionRequestWrapper@5d90b9ed]]', 1, NULL, 'GET', 32, '{\"code\":404,\"msg\":\"访问连接不存在\"}', '0:0:0:0:0:0:0:1', '2020-03-24 23:40:05', NULL);
INSERT INTO `cl_log` VALUES (157, '/error', '[SecurityContextHolderAwareRequestWrapper[ org.springframework.security.web.context.HttpSessionSecurityContextRepository$SaveToSessionRequestWrapper@786e4776]]', 1, NULL, 'GET', 5, '{\"code\":0,\"data\":\"405\",\"msg\":\"未知错误\"}', '0:0:0:0:0:0:0:1', '2020-03-24 23:40:42', NULL);
INSERT INTO `cl_log` VALUES (158, '/comment/delete/14', '[14]', 1, NULL, 'DELETE', 407, '{\"code\":200,\"msg\":\"删除成功!\"}', '0:0:0:0:0:0:0:1', '2020-03-24 23:41:28', NULL);
INSERT INTO `cl_log` VALUES (159, '/comment/delete/15', '[15]', 1, NULL, 'DELETE', 217, '{\"code\":200,\"msg\":\"删除成功!\"}', '0:0:0:0:0:0:0:1', '2020-03-24 23:42:13', NULL);
INSERT INTO `cl_log` VALUES (160, '/comment/save', '[Comment(commentId=null, commentContent=测试文章评论8, commentUser=2, commentArticle=1, commentGood=null, commentTime=null, commentType=0, isEnabled=null, isDeleted=null, pid=0, commentList=[])]', 1, NULL, 'POST', 244, '{\"code\":200,\"msg\":\"添加成功！\"}', '0:0:0:0:0:0:0:1', '2020-03-24 23:43:05', NULL);
INSERT INTO `cl_log` VALUES (161, '/comment/save', '[Comment(commentId=null, commentContent=测试文章评论8, commentUser=2, commentArticle=2, commentGood=null, commentTime=null, commentType=0, isEnabled=null, isDeleted=null, pid=0, commentList=[])]', 1, NULL, 'POST', 228, '{\"code\":200,\"msg\":\"添加成功！\"}', '0:0:0:0:0:0:0:1', '2020-03-24 23:43:12', NULL);
INSERT INTO `cl_log` VALUES (162, '/comment/save', '[Comment(commentId=null, commentContent=测试文章评论9, commentUser=2, commentArticle=2, commentGood=null, commentTime=null, commentType=0, isEnabled=null, isDeleted=null, pid=0, commentList=[])]', 1, NULL, 'POST', 246, '{\"code\":200,\"msg\":\"添加成功！\"}', '0:0:0:0:0:0:0:1', '2020-03-24 23:43:33', NULL);
INSERT INTO `cl_log` VALUES (163, '/comment/save', '[Comment(commentId=null, commentContent=测试文章评论9, commentUser=2, commentArticle=2, commentGood=null, commentTime=null, commentType=0, isEnabled=null, isDeleted=null, pid=1, commentList=[])]', 1, NULL, 'POST', 231, '{\"code\":200,\"msg\":\"添加成功！\"}', '0:0:0:0:0:0:0:1', '2020-03-24 23:43:43', NULL);
INSERT INTO `cl_log` VALUES (164, '/comment/save', '[Comment(commentId=null, commentContent=测试文章评论9, commentUser=2, commentArticle=2, commentGood=null, commentTime=null, commentType=1, isEnabled=null, isDeleted=null, pid=1, commentList=[])]', 1, NULL, 'POST', 232, '{\"code\":200,\"msg\":\"添加成功！\"}', '0:0:0:0:0:0:0:1', '2020-03-24 23:44:18', NULL);
INSERT INTO `cl_log` VALUES (165, '/comment/getAll', '[]', 1, NULL, 'GET', 489, '{\"code\":200,\"data\":[{\"commentArticle\":1,\"commentContent\":\"测试文章评论1\",\"commentGood\":0,\"commentId\":1,\"commentList\":[{\"commentArticle\":1,\"commentContent\":\"测试评论评论2\",\"commentGood\":0,\"commentId\":2,\"commentList\":[],\"commentTime\":\"2020-03-24 16:13:42\",\"commentType\":1,\"commentUser\":0,\"isDeleted\":0,\"isEnabled\":1,\"pid\":1},{\"commentArticle\":1,\"commentContent\":\"测试评论评论3\",\"commentGood\":0,\"commentId\":3,\"commentList\":[],\"commentTime\":\"2020-03-24 16:24:40\",\"commentType\":1,\"commentUser\":0,\"isDeleted\":0,\"isEnabled\":1,\"pid\":1},{\"commentArticle\":2,\"commentContent\":\"测试文章评论9\",\"commentGood\":0,\"commentId\":22,\"commentList\":[],\"commentTime\":\"2020-03-24 23:44:17\",\"commentType\":1,\"commentUser\":2,\"isDeleted\":0,\"isEnabled\":1,\"pid\":1}],\"commentTime\":\"2020-03-24 16:01:17\",\"commentType\":0,\"commentUser\":0,\"isDeleted\":0,\"isEnabled\":1,\"pid\":0},{\"commentArticle\":1,\"commentContent\":\"测试文章评论4\",\"commentGood\":0,\"commentId\":13,\"commentList\":[],\"commentTime\":\"2020-03-24 22:08:07\",\"commentType\":0,\"commentUser\":1,\"isDeleted\":0,\"isEnabled\":1,\"pid\":0},{\"commentArticle\":1,\"commentContent\":\"测试文章评论8\",\"commentGood\":0,\"commentId\":18,\"commentList\":[],\"commentTime\":\"2020-03-24 23:43:05\",\"commentType\":0,\"commentUser\":2,\"isDeleted\":0,\"isEnabled\":1,\"pid\":0},{\"commentArticle\":2,\"commentContent\":\"测试文章评论8\",\"commentGood\":0,\"commentId\":19,\"commentList\":[],\"commentTime\":\"2020-03-24 23:43:12\",\"commentType\":0,\"commentUser\":2,\"isDeleted\":0,\"isEnabled\":1,\"pid\":0},{\"commentArticle\":2,\"commentContent\":\"测试文章评论9\",\"commentGood\":0,\"commentId\":20,\"commentList\":[],\"commentTime\":\"2020-03-24 23:43:33\",\"commentType\":0,\"commentUser\":2,\"isDeleted\":0,\"isEnabled\":1,\"pid\":0}],\"msg\":\"操作成功！\"}', '0:0:0:0:0:0:0:1', '2020-03-24 23:44:23', NULL);
INSERT INTO `cl_log` VALUES (166, '/comment/save', '[Comment(commentId=null, commentContent=测试文章评论9, commentUser=2, commentArticle=2, commentGood=null, commentTime=null, commentType=0, isEnabled=null, isDeleted=null, pid=1, commentList=[])]', 0, 'com.hnxx.zy.clms.common.exception.ClmsException: 参数错误,评论失败!\n	at com.hnxx.zy.clms.core.service.impl.CommentServiceImpl.save(CommentServiceImpl.java:38)\n	at com.hnxx.zy.clms.core.service.impl.CommentServiceImpl$$FastClassBySpringCGLIB$$e85454c7.invoke(<generated>)\n	at com.hnxx.zy.clms.core.service.impl.CommentServiceImpl$$EnhancerBySpringCGLIB$$1eb25c76.save(<generated>)\n	at com.hnxx.zy.clms.controller.CommentController.save(CommentController.java:30)\n	at com.hnxx.zy.clms.controller.CommentController$$FastClassBySpringCGLIB$$3074ce74.invoke(<generated>)\n	at com.hnxx.zy.clms.common.aspect.RequestAspect.doAround(RequestAspect.java:78)\n	at com.hnxx.zy.clms.controller.CommentController$$EnhancerBySpringCGLIB$$95b903e5.save(<generated>)\n	at com.hnxx.zy.clms.security.jwt.JwtAuthTokenFilter.doFilterInternal(JwtAuthTokenFilter.java:53)\n', 'POST', 0, NULL, '0:0:0:0:0:0:0:1', '2020-03-24 23:49:08', NULL);
INSERT INTO `cl_log` VALUES (167, '/error', '[SecurityContextHolderAwareRequestWrapper[ org.springframework.security.web.context.HttpSessionSecurityContextRepository$SaveToSessionRequestWrapper@17d5504a]]', 1, 'com.hnxx.zy.clms.common.exception.ClmsException: 参数错误,评论失败!\n	at com.hnxx.zy.clms.core.service.impl.CommentServiceImpl.save(CommentServiceImpl.java:38)\n	at com.hnxx.zy.clms.core.service.impl.CommentServiceImpl$$FastClassBySpringCGLIB$$e85454c7.invoke(<generated>)\n	at com.hnxx.zy.clms.core.service.impl.CommentServiceImpl$$EnhancerBySpringCGLIB$$1eb25c76.save(<generated>)\n	at com.hnxx.zy.clms.controller.CommentController.save(CommentController.java:30)\n	at com.hnxx.zy.clms.controller.CommentController$$FastClassBySpringCGLIB$$3074ce74.invoke(<generated>)\n	at com.hnxx.zy.clms.common.aspect.RequestAspect.doAround(RequestAspect.java:78)\n	at com.hnxx.zy.clms.controller.CommentController$$EnhancerBySpringCGLIB$$95b903e5.save(<generated>)\n	at com.hnxx.zy.clms.security.jwt.JwtAuthTokenFilter.doFilterInternal(JwtAuthTokenFilter.java:53)\n', 'POST', 7, '{\"code\":500,\"msg\":\"服务器故障\"}', '0:0:0:0:0:0:0:1', '2020-03-24 23:49:09', NULL);
INSERT INTO `cl_log` VALUES (168, '/comment/save', '[Comment(commentId=null, commentContent=测试文章评论9, commentUser=2, commentArticle=2, commentGood=null, commentTime=null, commentType=1, isEnabled=null, isDeleted=null, pid=null, commentList=[])]', 0, 'com.hnxx.zy.clms.common.exception.ClmsException: 参数错误,评论失败! PS: 当前评论为评论评论,务必有父级评论pid\n	at com.hnxx.zy.clms.core.service.impl.CommentServiceImpl.save(CommentServiceImpl.java:40)\n	at com.hnxx.zy.clms.core.service.impl.CommentServiceImpl$$FastClassBySpringCGLIB$$e85454c7.invoke(<generated>)\n	at com.hnxx.zy.clms.core.service.impl.CommentServiceImpl$$EnhancerBySpringCGLIB$$8cccfa07.save(<generated>)\n	at com.hnxx.zy.clms.controller.CommentController.save(CommentController.java:30)\n	at com.hnxx.zy.clms.controller.CommentController$$FastClassBySpringCGLIB$$3074ce74.invoke(<generated>)\n	at com.hnxx.zy.clms.common.aspect.RequestAspect.doAround(RequestAspect.java:78)\n	at com.hnxx.zy.clms.controller.CommentController$$EnhancerBySpringCGLIB$$a328dbc8.save(<generated>)\n	at com.hnxx.zy.clms.security.jwt.JwtAuthTokenFilter.doFilterInternal(JwtAuthTokenFilter.java:53)\n', 'POST', 0, NULL, '0:0:0:0:0:0:0:1', '2020-03-24 23:52:12', NULL);
INSERT INTO `cl_log` VALUES (169, '/error', '[SecurityContextHolderAwareRequestWrapper[ org.springframework.security.web.context.HttpSessionSecurityContextRepository$SaveToSessionRequestWrapper@61b59a00]]', 1, 'com.hnxx.zy.clms.common.exception.ClmsException: 参数错误,评论失败! PS: 当前评论为评论评论,务必有父级评论pid\n	at com.hnxx.zy.clms.core.service.impl.CommentServiceImpl.save(CommentServiceImpl.java:40)\n	at com.hnxx.zy.clms.core.service.impl.CommentServiceImpl$$FastClassBySpringCGLIB$$e85454c7.invoke(<generated>)\n	at com.hnxx.zy.clms.core.service.impl.CommentServiceImpl$$EnhancerBySpringCGLIB$$8cccfa07.save(<generated>)\n	at com.hnxx.zy.clms.controller.CommentController.save(CommentController.java:30)\n	at com.hnxx.zy.clms.controller.CommentController$$FastClassBySpringCGLIB$$3074ce74.invoke(<generated>)\n	at com.hnxx.zy.clms.common.aspect.RequestAspect.doAround(RequestAspect.java:78)\n	at com.hnxx.zy.clms.controller.CommentController$$EnhancerBySpringCGLIB$$a328dbc8.save(<generated>)\n	at com.hnxx.zy.clms.security.jwt.JwtAuthTokenFilter.doFilterInternal(JwtAuthTokenFilter.java:53)\n', 'POST', 11, '{\"code\":500,\"msg\":\"服务器故障\"}', '0:0:0:0:0:0:0:1', '2020-03-24 23:52:13', NULL);
INSERT INTO `cl_log` VALUES (170, '/error', '[SecurityContextHolderAwareRequestWrapper[ FirewalledRequest[ org.apache.catalina.core.ApplicationHttpRequest@5b7080ee]]]', 1, NULL, 'GET', 16, '{\"code\":405,\"msg\":\"未知错误\"}', '0:0:0:0:0:0:0:1', '2020-03-25 11:47:40', NULL);
INSERT INTO `cl_log` VALUES (171, '/error', '[SecurityContextHolderAwareRequestWrapper[ FirewalledRequest[ org.apache.catalina.core.ApplicationHttpRequest@2bd7cb26]]]', 1, NULL, 'GET', 26, '{\"code\":405,\"msg\":\"未知错误\"}', '0:0:0:0:0:0:0:1', '2020-03-25 11:50:24', NULL);
INSERT INTO `cl_log` VALUES (172, '/error', '[SecurityContextHolderAwareRequestWrapper[ FirewalledRequest[ org.apache.catalina.core.ApplicationHttpRequest@501eae2a]]]', 1, NULL, 'GET', 20, '{\"code\":405,\"msg\":\"未知错误\"}', '0:0:0:0:0:0:0:1', '2020-03-25 11:53:02', NULL);
INSERT INTO `cl_log` VALUES (173, '/error', '[SecurityContextHolderAwareRequestWrapper[ FirewalledRequest[ org.apache.catalina.core.ApplicationHttpRequest@26418d4f]]]', 1, NULL, 'POST', 20, '{\"code\":405,\"msg\":\"未知错误\"}', '0:0:0:0:0:0:0:1', '2020-03-25 12:14:30', NULL);
INSERT INTO `cl_log` VALUES (174, '/error', '[SecurityContextHolderAwareRequestWrapper[ FirewalledRequest[ org.apache.catalina.core.ApplicationHttpRequest@4ae6784]]]', 1, NULL, 'GET', 5, '{\"code\":405,\"msg\":\"未知错误\"}', '0:0:0:0:0:0:0:1', '2020-03-25 12:16:01', NULL);
INSERT INTO `cl_log` VALUES (175, '/error', '[SecurityContextHolderAwareRequestWrapper[ FirewalledRequest[ org.apache.catalina.core.ApplicationHttpRequest@2dd95ab7]]]', 1, NULL, 'POST', 18, '{\"code\":405,\"msg\":\"未知错误\"}', '0:0:0:0:0:0:0:1', '2020-03-25 12:20:44', NULL);
INSERT INTO `cl_log` VALUES (176, '/error', '[SecurityContextHolderAwareRequestWrapper[ FirewalledRequest[ org.apache.catalina.core.ApplicationHttpRequest@581bb0c7]]]', 1, NULL, 'GET', 24, '{\"code\":0,\"data\":\"405\",\"msg\":\"未知错误\"}', '0:0:0:0:0:0:0:1', '2020-03-25 12:55:18', NULL);
INSERT INTO `cl_log` VALUES (177, '/error', '[SecurityContextHolderAwareRequestWrapper[ FirewalledRequest[ org.apache.catalina.core.ApplicationHttpRequest@3cbfc88f]]]', 1, NULL, 'GET', 20, '{\"code\":0,\"data\":\"405\",\"msg\":\"未知错误\"}', '0:0:0:0:0:0:0:1', '2020-03-25 13:30:26', NULL);
INSERT INTO `cl_log` VALUES (178, '/error', '[SecurityContextHolderAwareRequestWrapper[ FirewalledRequest[ org.apache.catalina.core.ApplicationHttpRequest@3baab6a3]]]', 1, NULL, 'GET', 19, '{\"code\":0,\"data\":\"405\",\"msg\":\"未知错误\"}', '0:0:0:0:0:0:0:1', '2020-03-25 13:33:55', NULL);
INSERT INTO `cl_log` VALUES (179, '/xxx/list', '[]', 1, NULL, 'GET', 105, '{\"code\":200,\"data\":[],\"msg\":\"操作成功！\"}', '0:0:0:0:0:0:0:1', '2020-03-25 13:55:34', NULL);
INSERT INTO `cl_log` VALUES (180, '/log/getByPage', '[Page(currentPage=1, pageSize=4, totalPage=0, totalCount=0, index=0, list=null, params={logMethod=get}, sortColumn=created_time, sortMethod=desc)]', 1, NULL, 'POST', 289, '{\"code\":200,\"data\":{\"currentPage\":1,\"index\":0,\"list\":[{\"createdTime\":\"2020-03-25 13:55:34\",\"logId\":179,\"logIp\":\"0:0:0:0:0:0:0:1\",\"logMethod\":\"GET\",\"logParams\":\"[]\",\"logResult\":\"{\\\"code\\\":200,\\\"data\\\":[],\\\"msg\\\":\\\"操作成功！\\\"}\",\"logStatus\":1,\"logTime\":105,\"logUrl\":\"/xxx/list\"},{\"createdTime\":\"2020-03-25 13:33:55\",\"logId\":178,\"logIp\":\"0:0:0:0:0:0:0:1\",\"logMethod\":\"GET\",\"logParams\":\"[SecurityContextHolderAwareRequestWrapper[ FirewalledRequest[ org.apache.catalina.core.ApplicationHttpRequest@3baab6a3]]]\",\"logResult\":\"{\\\"code\\\":0,\\\"data\\\":\\\"405\\\",\\\"msg\\\":\\\"未知错误\\\"}\",\"logStatus\":1,\"logTime\":19,\"logUrl\":\"/error\"},{\"createdTime\":\"2020-03-25 13:30:26\",\"logId\":177,\"logIp\":\"0:0:0:0:0:0:0:1\",\"logMethod\":\"GET\",\"logParams\":\"[SecurityContextHolderAwareRequestWrapper[ FirewalledRequest[ org.apache.catalina.core.ApplicationHttpRequest@3cbfc88f]]]\",\"logResult\":\"{\\\"code\\\":0,\\\"data\\\":\\\"405\\\",\\\"msg\\\":\\\"未知错误\\\"}\",\"logStatus\":1,\"logTime\":20,\"logUrl\":\"/error\"},{\"createdTime\":\"2020-03-25 12:55:18\",\"logId\":176,\"logIp\":\"0:0:0:0:0:0:0:1\",\"logMethod\":\"GET\",\"logParams\":\"[SecurityContextHolderAwareRequestWrapper[ FirewalledRequest[ org.apache.catalina.core.ApplicationHttpRequest@581bb0c7]]]\",\"logResult\":\"{\\\"code\\\":0,\\\"data\\\":\\\"405\\\",\\\"msg\\\":\\\"未知错误\\\"}\",\"logStatus\":1,\"logTime\":24,\"logUrl\":\"/error\"}],\"pageSize\":4,\"params\":{\"logMethod\":\"get\"},\"sortColumn\":\"created_time\",\"sortMethod\":\"desc\",\"totalCount\":83,\"totalPage\":21},\"msg\":\"操作成功！\"}', '0:0:0:0:0:0:0:1', '2020-03-25 13:56:28', NULL);
INSERT INTO `cl_log` VALUES (181, '/log/deleteByIds', '[[1, 3, 4]]', 1, NULL, 'PUT', 120, '{\"code\":200,\"msg\":\"删除成功！\"}', '0:0:0:0:0:0:0:1', '2020-03-25 13:59:23', NULL);
INSERT INTO `cl_log` VALUES (182, '/article/save', '[Article(articleId=null, articleTitle=测试文章1, articleAuthor=code-fusheng, articleImage=null, articleContent=这是code-fsheng写的测试文章1的内容，关于文章的测试, articleGood=null, articleRead=null, articleCollection=null, articleType=2, articleComment=null, articleSource=null, createdTime=null, updateTime=null, isEnabled=null, isDeleted=null, version=null)]', 1, NULL, 'POST', 124, '{\"code\":200,\"msg\":\"添加成功！\"}', '0:0:0:0:0:0:0:1', '2020-03-25 14:00:25', NULL);
INSERT INTO `cl_log` VALUES (183, '/article/get/2', '[2]', 1, NULL, 'GET', 81, '{\"code\":200,\"data\":{\"articleAuthor\":\"code-fusheng\",\"articleCollection\":0,\"articleComment\":0,\"articleContent\":\"这是code-fsheng写的测试文章2的内容，关于文章的测试\",\"articleGood\":0,\"articleId\":2,\"articleRead\":0,\"articleTitle\":\"测试文章2\",\"articleType\":2,\"createdTime\":\"2020-03-22 12:16:29\",\"isDeleted\":0,\"isEnabled\":1,\"updateTime\":\"2020-03-22 12:16:29\",\"version\":1},\"msg\":\"操作成功！\"}', '0:0:0:0:0:0:0:1', '2020-03-25 14:00:38', NULL);
INSERT INTO `cl_log` VALUES (184, '/article/update', '[Article(articleId=1, articleTitle=修改测试文章1, articleAuthor=code-fusheng, articleImage=null, articleContent=这是code-fsheng写的测试文章2的内容，关于文章的测试, articleGood=0, articleRead=0, articleCollection=0, articleType=2, articleComment=0, articleSource=未知, createdTime=null, updateTime=null, isEnabled=null, isDeleted=null, version=6)]', 1, NULL, 'PUT', 129, '{\"code\":200,\"msg\":\"更新成功!\"}', '0:0:0:0:0:0:0:1', '2020-03-25 14:00:49', NULL);
INSERT INTO `cl_log` VALUES (185, '/article/getByPage', '[Page(currentPage=1, pageSize=4, totalPage=0, totalCount=0, index=0, list=null, params={articleTitle=文章2}, sortColumn=update_time, sortMethod=desc)]', 1, NULL, 'POST', 257, '{\"code\":200,\"data\":{\"currentPage\":1,\"index\":0,\"list\":[],\"pageSize\":4,\"params\":{\"articleTitle\":\"文章2\"},\"sortColumn\":\"update_time\",\"sortMethod\":\"desc\",\"totalCount\":1,\"totalPage\":1},\"msg\":\"操作成功！\"}', '0:0:0:0:0:0:0:1', '2020-03-25 14:01:21', NULL);
INSERT INTO `cl_log` VALUES (186, '/article/enable/1', '[1]', 1, NULL, 'PUT', 205, '{\"code\":200,\"msg\":\"启用成功\"}', '0:0:0:0:0:0:0:1', '2020-03-25 14:01:41', NULL);
INSERT INTO `cl_log` VALUES (187, '/article/disable/1', '[1]', 1, NULL, 'PUT', 193, '{\"code\":200,\"msg\":\"弃用成功\"}', '0:0:0:0:0:0:0:1', '2020-03-25 14:01:53', NULL);
INSERT INTO `cl_log` VALUES (188, '/comment/save', '[Comment(commentId=null, commentContent=测试评论评论8, commentUser=2, commentArticle=1, commentGood=null, commentTime=null, commentType=1, isEnabled=null, isDeleted=null, pid=14, commentList=[])]', 1, NULL, 'POST', 246, '{\"code\":200,\"msg\":\"添加成功！\"}', '0:0:0:0:0:0:0:1', '2020-03-25 14:10:59', NULL);
INSERT INTO `cl_log` VALUES (189, '/comment/getAll', '[]', 1, NULL, 'GET', 502, '{\"code\":200,\"data\":[{\"commentArticle\":1,\"commentContent\":\"测试文章评论1\",\"commentGood\":0,\"commentId\":1,\"commentList\":[{\"commentArticle\":1,\"commentContent\":\"测试评论评论2\",\"commentGood\":0,\"commentId\":2,\"commentList\":[],\"commentTime\":\"2020-03-24 16:13:42\",\"commentType\":1,\"commentUser\":0,\"isDeleted\":0,\"isEnabled\":1,\"pid\":1},{\"commentArticle\":1,\"commentContent\":\"测试评论评论3\",\"commentGood\":0,\"commentId\":3,\"commentList\":[],\"commentTime\":\"2020-03-24 16:24:40\",\"commentType\":1,\"commentUser\":0,\"isDeleted\":0,\"isEnabled\":1,\"pid\":1},{\"commentArticle\":2,\"commentContent\":\"测试文章评论9\",\"commentGood\":0,\"commentId\":22,\"commentList\":[],\"commentTime\":\"2020-03-24 23:44:17\",\"commentType\":1,\"commentUser\":2,\"isDeleted\":0,\"isEnabled\":1,\"pid\":1}],\"commentTime\":\"2020-03-24 16:01:17\",\"commentType\":0,\"commentUser\":0,\"isDeleted\":0,\"isEnabled\":1,\"pid\":0},{\"commentArticle\":1,\"commentContent\":\"测试文章评论4\",\"commentGood\":0,\"commentId\":13,\"commentList\":[],\"commentTime\":\"2020-03-24 22:08:07\",\"commentType\":0,\"commentUser\":1,\"isDeleted\":0,\"isEnabled\":1,\"pid\":0},{\"commentArticle\":1,\"commentContent\":\"测试文章评论8\",\"commentGood\":0,\"commentId\":18,\"commentList\":[],\"commentTime\":\"2020-03-24 23:43:05\",\"commentType\":0,\"commentUser\":2,\"isDeleted\":0,\"isEnabled\":1,\"pid\":0},{\"commentArticle\":2,\"commentContent\":\"测试文章评论8\",\"commentGood\":0,\"commentId\":19,\"commentList\":[],\"commentTime\":\"2020-03-24 23:43:12\",\"commentType\":0,\"commentUser\":2,\"isDeleted\":0,\"isEnabled\":1,\"pid\":0},{\"commentArticle\":2,\"commentContent\":\"测试文章评论9\",\"commentGood\":0,\"commentId\":20,\"commentList\":[],\"commentTime\":\"2020-03-24 23:43:33\",\"commentType\":0,\"commentUser\":2,\"isDeleted\":0,\"isEnabled\":1,\"pid\":0}],\"msg\":\"操作成功！\"}', '0:0:0:0:0:0:0:1', '2020-03-25 14:11:12', NULL);
INSERT INTO `cl_log` VALUES (190, '/error', '[SecurityContextHolderAwareRequestWrapper[ FirewalledRequest[ org.apache.catalina.core.ApplicationHttpRequest@25cbdb1d]]]', 1, NULL, 'GET', 5, '{\"code\":0,\"data\":\"405\",\"msg\":\"未知错误\"}', '0:0:0:0:0:0:0:1', '2020-03-25 14:13:30', NULL);
INSERT INTO `cl_log` VALUES (191, '/error', '[SecurityContextHolderAwareRequestWrapper[ FirewalledRequest[ org.apache.catalina.core.ApplicationHttpRequest@567cc937]]]', 1, NULL, 'GET', 2, '{\"code\":0,\"data\":\"405\",\"msg\":\"未知错误\"}', '0:0:0:0:0:0:0:1', '2020-03-25 14:13:38', NULL);
INSERT INTO `cl_log` VALUES (192, '/error', '[SecurityContextHolderAwareRequestWrapper[ FirewalledRequest[ org.apache.catalina.core.ApplicationHttpRequest@2f34653c]]]', 1, NULL, 'GET', 11, '{\"code\":0,\"data\":\"405\",\"msg\":\"未知错误\"}', '0:0:0:0:0:0:0:1', '2020-03-25 14:13:59', NULL);
INSERT INTO `cl_log` VALUES (193, '/comment/delete/13', '[13]', 1, NULL, 'DELETE', 362, '{\"code\":200,\"msg\":\"删除成功!\"}', '0:0:0:0:0:0:0:1', '2020-03-25 14:14:05', NULL);
INSERT INTO `cl_log` VALUES (194, '/articleType/save', '[ArticleType(typeId=null, typeName=Spring Boot, typeCount=null, createdTime=null, updateTime=null, isEnabled=null, isDeleted=null, version=null)]', 0, 'com.hnxx.zy.clms.common.exception.ClmsException: 该文章分类已经存在!\n	at com.hnxx.zy.clms.core.service.impl.ArticleTypeServiceImpl.save(ArticleTypeServiceImpl.java:35)\n	at com.hnxx.zy.clms.controller.ArticleTypeController.save(ArticleTypeController.java:32)\n	at com.hnxx.zy.clms.controller.ArticleTypeController$$FastClassBySpringCGLIB$$1107d7a5.invoke(<generated>)\n	at com.hnxx.zy.clms.common.aspect.RequestAspect.doAround(RequestAspect.java:78)\n	at com.hnxx.zy.clms.controller.ArticleTypeController$$EnhancerBySpringCGLIB$$ac3aae66.save(<generated>)\n	at com.hnxx.zy.clms.security.jwt.JwtAuthTokenFilter.doFilterInternal(JwtAuthTokenFilter.java:59)\n', 'POST', 0, '{\"code\":200,\"msg\":\"删除成功！\"}', '0:0:0:0:0:0:0:1', '2020-03-25 14:15:32', NULL);
INSERT INTO `cl_log` VALUES (195, '/error', '[SecurityContextHolderAwareRequestWrapper[ FirewalledRequest[ org.apache.catalina.core.ApplicationHttpRequest@4611ac76]]]', 1, 'com.hnxx.zy.clms.common.exception.ClmsException: 该文章分类已经存在!\n	at com.hnxx.zy.clms.core.service.impl.ArticleTypeServiceImpl.save(ArticleTypeServiceImpl.java:35)\n	at com.hnxx.zy.clms.controller.ArticleTypeController.save(ArticleTypeController.java:32)\n	at com.hnxx.zy.clms.controller.ArticleTypeController$$FastClassBySpringCGLIB$$1107d7a5.invoke(<generated>)\n	at com.hnxx.zy.clms.common.aspect.RequestAspect.doAround(RequestAspect.java:78)\n	at com.hnxx.zy.clms.controller.ArticleTypeController$$EnhancerBySpringCGLIB$$ac3aae66.save(<generated>)\n	at com.hnxx.zy.clms.security.jwt.JwtAuthTokenFilter.doFilterInternal(JwtAuthTokenFilter.java:59)\n', 'POST', 7, '{\"code\":500,\"msg\":\"服务器故障\"}', '0:0:0:0:0:0:0:1', '2020-03-25 14:15:33', NULL);
INSERT INTO `cl_log` VALUES (196, '/articleType/save', '[ArticleType(typeId=null, typeName=Spring XXX, typeCount=null, createdTime=null, updateTime=null, isEnabled=null, isDeleted=null, version=null)]', 1, NULL, 'POST', 201, '{\"code\":200,\"msg\":\"添加成功！\"}', '0:0:0:0:0:0:0:1', '2020-03-25 14:15:59', NULL);
INSERT INTO `cl_log` VALUES (197, '/articleType/get/2', '[2]', 1, NULL, 'GET', 86, '{\"code\":200,\"data\":{\"createdTime\":\"2020-03-22 14:23:44\",\"isDeleted\":0,\"isEnabled\":1,\"typeCount\":0,\"typeId\":2,\"typeName\":\"C++\",\"updateTime\":\"2020-03-22 17:41:19\",\"version\":3},\"msg\":\"操作成功！\"}', '0:0:0:0:0:0:0:1', '2020-03-25 14:16:16', NULL);
INSERT INTO `cl_log` VALUES (198, '/articleType/getList', '[]', 1, NULL, 'GET', 90, '{\"code\":200,\"data\":[{\"typeCount\":0,\"typeId\":1,\"typeName\":\"软件工程\"},{\"typeCount\":0,\"typeId\":2,\"typeName\":\"C++\"},{\"typeCount\":0,\"typeId\":3,\"typeName\":\"Java\"},{\"typeCount\":0,\"typeId\":4,\"typeName\":\"Python\"},{\"typeCount\":0,\"typeId\":5,\"typeName\":\"Spring Boot\"},{\"typeCount\":0,\"typeId\":6,\"typeName\":\"Spring XXX\"}],\"msg\":\"操作成功！\"}', '0:0:0:0:0:0:0:1', '2020-03-25 14:17:26', NULL);
INSERT INTO `cl_log` VALUES (199, '/articleType/getAll', '[]', 1, NULL, 'GET', 99, '{\"code\":200,\"data\":[{\"createdTime\":\"2020-03-22 14:23:28\",\"isDeleted\":0,\"isEnabled\":1,\"typeCount\":0,\"typeId\":1,\"typeName\":\"软件工程\",\"updateTime\":\"2020-03-22 19:28:05\",\"version\":8},{\"createdTime\":\"2020-03-22 14:23:44\",\"isDeleted\":0,\"isEnabled\":1,\"typeCount\":0,\"typeId\":2,\"typeName\":\"C++\",\"updateTime\":\"2020-03-22 17:41:19\",\"version\":3},{\"createdTime\":\"2020-03-22 14:23:53\",\"isDeleted\":0,\"isEnabled\":1,\"typeCount\":0,\"typeId\":3,\"typeName\":\"Java\",\"updateTime\":\"2020-03-22 14:23:53\",\"version\":1},{\"createdTime\":\"2020-03-22 14:24:07\",\"isDeleted\":0,\"isEnabled\":1,\"typeCount\":0,\"typeId\":4,\"typeName\":\"Python\",\"updateTime\":\"2020-03-22 14:24:07\",\"version\":1},{\"createdTime\":\"2020-03-22 19:26:04\",\"isDeleted\":0,\"isEnabled\":1,\"typeCount\":0,\"typeId\":5,\"typeName\":\"Spring Boot\",\"updateTime\":\"2020-03-22 19:26:04\",\"version\":1},{\"createdTime\":\"2020-03-25 14:15:58\",\"isDeleted\":0,\"isEnabled\":1,\"typeCount\":0,\"typeId\":6,\"typeName\":\"Spring XXX\",\"updateTime\":\"2020-03-25 14:15:58\",\"version\":1}],\"msg\":\"操作成功！\"}', '0:0:0:0:0:0:0:1', '2020-03-25 14:17:40', NULL);
INSERT INTO `cl_log` VALUES (200, '/articleType/update', '[ArticleType(typeId=1, typeName=软件工程, typeCount=null, createdTime=null, updateTime=null, isEnabled=null, isDeleted=null, version=2)]', 1, 'com.hnxx.zy.clms.common.exception.ClmsException: 该文章分类已经存在!\n	at com.hnxx.zy.clms.core.service.impl.ArticleTypeServiceImpl.save(ArticleTypeServiceImpl.java:35)\n	at com.hnxx.zy.clms.controller.ArticleTypeController.save(ArticleTypeController.java:32)\n	at com.hnxx.zy.clms.controller.ArticleTypeController$$FastClassBySpringCGLIB$$1107d7a5.invoke(<generated>)\n	at com.hnxx.zy.clms.common.aspect.RequestAspect.doAround(RequestAspect.java:78)\n	at com.hnxx.zy.clms.controller.ArticleTypeController$$EnhancerBySpringCGLIB$$ac3aae66.save(<generated>)\n	at com.hnxx.zy.clms.security.jwt.JwtAuthTokenFilter.doFilterInternal(JwtAuthTokenFilter.java:59)\n', 'PUT', 121, '{\"code\":200,\"msg\":\"修改成功!\"}', '0:0:0:0:0:0:0:1', '2020-03-25 14:17:54', NULL);
INSERT INTO `cl_log` VALUES (201, '/articleType/delete/1', '[1]', 1, NULL, 'DELETE', 139, '{\"code\":200,\"msg\":\"删除成功!\"}', '0:0:0:0:0:0:0:1', '2020-03-25 14:18:34', NULL);
INSERT INTO `cl_log` VALUES (202, '/articleType/enable/1', '[1]', 0, '	at com.hnxx.zy.clms.core.service.impl.ArticleTypeServiceImpl.enabledById(ArticleTypeServiceImpl.java:94)\n	at com.hnxx.zy.clms.controller.ArticleTypeController.enable(ArticleTypeController.java:96)\n	at com.hnxx.zy.clms.controller.ArticleTypeController$$FastClassBySpringCGLIB$$1107d7a5.invoke(<generated>)\n	at com.hnxx.zy.clms.common.aspect.RequestAspect.doAround(RequestAspect.java:78)\n	at com.hnxx.zy.clms.controller.ArticleTypeController$$EnhancerBySpringCGLIB$$ac3aae66.enable(<generated>)\n	at com.hnxx.zy.clms.security.jwt.JwtAuthTokenFilter.doFilterInternal(JwtAuthTokenFilter.java:59)\n', 'PUT', 0, '{\"code\":200,\"msg\":\"添加成功！\"}', '0:0:0:0:0:0:0:1', '2020-03-25 14:18:45', NULL);
INSERT INTO `cl_log` VALUES (203, '/error', '[SecurityContextHolderAwareRequestWrapper[ FirewalledRequest[ org.apache.catalina.core.ApplicationHttpRequest@642b7e55]]]', 1, '	at com.hnxx.zy.clms.core.service.impl.ArticleTypeServiceImpl.enabledById(ArticleTypeServiceImpl.java:94)\n	at com.hnxx.zy.clms.controller.ArticleTypeController.enable(ArticleTypeController.java:96)\n	at com.hnxx.zy.clms.controller.ArticleTypeController$$FastClassBySpringCGLIB$$1107d7a5.invoke(<generated>)\n	at com.hnxx.zy.clms.common.aspect.RequestAspect.doAround(RequestAspect.java:78)\n	at com.hnxx.zy.clms.controller.ArticleTypeController$$EnhancerBySpringCGLIB$$ac3aae66.enable(<generated>)\n	at com.hnxx.zy.clms.security.jwt.JwtAuthTokenFilter.doFilterInternal(JwtAuthTokenFilter.java:59)\n', 'PUT', 1, '{\"code\":500,\"msg\":\"服务器故障\"}', '0:0:0:0:0:0:0:1', '2020-03-25 14:18:46', NULL);
INSERT INTO `cl_log` VALUES (204, '/articleType/enable/2', '[2]', 1, NULL, 'PUT', 205, '{\"code\":200,\"msg\":\"已启用!\"}', '0:0:0:0:0:0:0:1', '2020-03-25 14:19:04', NULL);
INSERT INTO `cl_log` VALUES (205, '/articleType/disable/1', '[1]', 0, '	at com.hnxx.zy.clms.core.service.impl.ArticleTypeServiceImpl.disabledById(ArticleTypeServiceImpl.java:106)\n	at com.hnxx.zy.clms.controller.ArticleTypeController.disable(ArticleTypeController.java:107)\n	at com.hnxx.zy.clms.controller.ArticleTypeController$$FastClassBySpringCGLIB$$1107d7a5.invoke(<generated>)\n	at com.hnxx.zy.clms.common.aspect.RequestAspect.doAround(RequestAspect.java:78)\n	at com.hnxx.zy.clms.controller.ArticleTypeController$$EnhancerBySpringCGLIB$$ac3aae66.disable(<generated>)\n	at com.hnxx.zy.clms.security.jwt.JwtAuthTokenFilter.doFilterInternal(JwtAuthTokenFilter.java:59)\n', 'PUT', 0, '{\"code\":200,\"data\":{\"createdTime\":\"2020-03-22 14:23:44\",\"isDeleted\":0,\"isEnabled\":1,\"typeCount\":0,\"typeId\":2,\"typeName\":\"C++\",\"updateTime\":\"2020-03-22 17:41:19\",\"version\":3},\"msg\":\"操作成功！\"}', '0:0:0:0:0:0:0:1', '2020-03-25 14:19:14', NULL);
INSERT INTO `cl_log` VALUES (206, '/error', '[SecurityContextHolderAwareRequestWrapper[ FirewalledRequest[ org.apache.catalina.core.ApplicationHttpRequest@46bd287e]]]', 1, '	at com.hnxx.zy.clms.core.service.impl.ArticleTypeServiceImpl.disabledById(ArticleTypeServiceImpl.java:106)\n	at com.hnxx.zy.clms.controller.ArticleTypeController.disable(ArticleTypeController.java:107)\n	at com.hnxx.zy.clms.controller.ArticleTypeController$$FastClassBySpringCGLIB$$1107d7a5.invoke(<generated>)\n	at com.hnxx.zy.clms.common.aspect.RequestAspect.doAround(RequestAspect.java:78)\n	at com.hnxx.zy.clms.controller.ArticleTypeController$$EnhancerBySpringCGLIB$$ac3aae66.disable(<generated>)\n	at com.hnxx.zy.clms.security.jwt.JwtAuthTokenFilter.doFilterInternal(JwtAuthTokenFilter.java:59)\n', 'PUT', 2, '{\"code\":500,\"msg\":\"服务器故障\"}', '0:0:0:0:0:0:0:1', '2020-03-25 14:19:14', NULL);
INSERT INTO `cl_log` VALUES (207, '/articleType/disable/2', '[2]', 1, NULL, 'PUT', 220, '{\"code\":200,\"msg\":\"已弃用!\"}', '0:0:0:0:0:0:0:1', '2020-03-25 14:19:26', NULL);
INSERT INTO `cl_log` VALUES (208, '/error', '[SecurityContextHolderAwareRequestWrapper[ FirewalledRequest[ org.apache.catalina.core.ApplicationHttpRequest@61309ac5]]]', 1, NULL, 'GET', 18, '{\"code\":404,\"msg\":\"访问连接不存在\"}', '0:0:0:0:0:0:0:1', '2020-03-25 14:45:16', NULL);
INSERT INTO `cl_log` VALUES (209, '/error', '[SecurityContextHolderAwareRequestWrapper[ org.springframework.security.web.context.HttpSessionSecurityContextRepository$SaveToSessionRequestWrapper@57d3fea5]]', 1, NULL, 'GET', 31, '{\"code\":0,\"data\":\"400\",\"msg\":\"未知错误\"}', '0:0:0:0:0:0:0:1', '2020-03-25 15:04:38', NULL);
INSERT INTO `cl_log` VALUES (210, '/error', '[SecurityContextHolderAwareRequestWrapper[ FirewalledRequest[ org.apache.catalina.core.ApplicationHttpRequest@578ca3]]]', 1, NULL, 'GET', 32, '{\"code\":0,\"data\":\"405\",\"msg\":\"未知错误\"}', '0:0:0:0:0:0:0:1', '2020-03-25 15:05:24', NULL);
INSERT INTO `cl_log` VALUES (211, '/error', '[FirewalledRequest[ org.apache.catalina.core.ApplicationHttpRequest@1d24a8ba]]', 1, NULL, 'GET', 24, '{\"code\":0,\"data\":\"400\",\"msg\":\"未知错误\"}', '0:0:0:0:0:0:0:1', '2020-03-25 15:07:23', NULL);
INSERT INTO `cl_log` VALUES (212, '/error', '[FirewalledRequest[ org.apache.catalina.core.ApplicationHttpRequest@1d00aff4]]', 1, NULL, 'GET', 6, '{\"code\":0,\"data\":\"405\",\"msg\":\"未知错误\"}', '0:0:0:0:0:0:0:1', '2020-03-25 15:08:52', NULL);
INSERT INTO `cl_log` VALUES (213, '/error', '[FirewalledRequest[ org.apache.catalina.core.ApplicationHttpRequest@295dc4bd]]', 1, NULL, 'GET', 14, '{\"code\":0,\"data\":\"400\",\"msg\":\"未知错误\"}', '0:0:0:0:0:0:0:1', '2020-03-25 15:08:57', NULL);
INSERT INTO `cl_log` VALUES (214, '/error', '[FirewalledRequest[ org.apache.catalina.core.ApplicationHttpRequest@446e196f]]', 1, NULL, 'GET', 33, '{\"code\":0,\"data\":\"400\",\"msg\":\"未知错误\"}', '0:0:0:0:0:0:0:1', '2020-03-25 15:09:39', NULL);
INSERT INTO `cl_log` VALUES (215, '/error', '[FirewalledRequest[ org.apache.catalina.core.ApplicationHttpRequest@27f95ade]]', 1, NULL, 'GET', 7, '{\"code\":404,\"msg\":\"访问连接不存在\"}', '0:0:0:0:0:0:0:1', '2020-03-25 15:09:39', NULL);
INSERT INTO `cl_log` VALUES (216, '/error', '[SecurityContextHolderAwareRequestWrapper[ org.springframework.security.web.context.HttpSessionSecurityContextRepository$SaveToSessionRequestWrapper@5fa7b41d]]', 1, NULL, 'GET', 31, '{\"code\":0,\"data\":\"400\",\"msg\":\"未知错误\"}', '0:0:0:0:0:0:0:1', '2020-03-25 15:11:59', NULL);
INSERT INTO `cl_log` VALUES (217, '/error', '[SecurityContextHolderAwareRequestWrapper[ org.springframework.security.web.context.HttpSessionSecurityContextRepository$SaveToSessionRequestWrapper@2922d791]]', 1, NULL, 'GET', 7, '{\"code\":0,\"data\":\"400\",\"msg\":\"未知错误\"}', '0:0:0:0:0:0:0:1', '2020-03-25 15:12:02', NULL);
INSERT INTO `cl_log` VALUES (218, '/error', '[SecurityContextHolderAwareRequestWrapper[ org.springframework.security.web.context.HttpSessionSecurityContextRepository$SaveToSessionRequestWrapper@62463734]]', 1, NULL, 'GET', 4, '{\"code\":0,\"data\":\"400\",\"msg\":\"未知错误\"}', '0:0:0:0:0:0:0:1', '2020-03-25 15:12:03', NULL);
INSERT INTO `cl_log` VALUES (219, '/error', '[SecurityContextHolderAwareRequestWrapper[ org.springframework.security.web.context.HttpSessionSecurityContextRepository$SaveToSessionRequestWrapper@48267a01]]', 1, NULL, 'GET', 7, '{\"code\":0,\"data\":\"400\",\"msg\":\"未知错误\"}', '0:0:0:0:0:0:0:1', '2020-03-25 15:12:04', NULL);
INSERT INTO `cl_log` VALUES (220, '/error', '[SecurityContextHolderAwareRequestWrapper[ org.springframework.security.web.context.HttpSessionSecurityContextRepository$SaveToSessionRequestWrapper@5f2286a3]]', 1, NULL, 'GET', 4, '{\"code\":0,\"data\":\"400\",\"msg\":\"未知错误\"}', '0:0:0:0:0:0:0:1', '2020-03-25 15:12:07', NULL);
INSERT INTO `cl_log` VALUES (221, '/good/doGood', '[Good(goodId=null, userId=null, articleId=null, commentId=null)]', 0, '	at com.hnxx.zy.clms.core.service.impl.GoodServiceImpl.doGood(GoodServiceImpl.java:29)\n	at com.hnxx.zy.clms.controller.GoodController.doGood(GoodController.java:26)\n	at com.hnxx.zy.clms.controller.GoodController$$FastClassBySpringCGLIB$$aa636bc0.invoke(<generated>)\n	at com.hnxx.zy.clms.common.aspect.RequestAspect.doAround(RequestAspect.java:78)\n	at com.hnxx.zy.clms.controller.GoodController$$EnhancerBySpringCGLIB$$42999b86.doGood(<generated>)\n	at com.hnxx.zy.clms.security.jwt.JwtAuthTokenFilter.doFilterInternal(JwtAuthTokenFilter.java:59)\n', 'PUT', 0, NULL, '0:0:0:0:0:0:0:1', '2020-03-25 15:25:29', NULL);
INSERT INTO `cl_log` VALUES (222, '/error', '[SecurityContextHolderAwareRequestWrapper[ FirewalledRequest[ org.apache.catalina.core.ApplicationHttpRequest@69be92a4]]]', 1, '	at com.hnxx.zy.clms.core.service.impl.GoodServiceImpl.doGood(GoodServiceImpl.java:29)\n	at com.hnxx.zy.clms.controller.GoodController.doGood(GoodController.java:26)\n	at com.hnxx.zy.clms.controller.GoodController$$FastClassBySpringCGLIB$$aa636bc0.invoke(<generated>)\n	at com.hnxx.zy.clms.common.aspect.RequestAspect.doAround(RequestAspect.java:78)\n	at com.hnxx.zy.clms.controller.GoodController$$EnhancerBySpringCGLIB$$42999b86.doGood(<generated>)\n	at com.hnxx.zy.clms.security.jwt.JwtAuthTokenFilter.doFilterInternal(JwtAuthTokenFilter.java:59)\n', 'PUT', 8, '{\"code\":500,\"msg\":\"服务器故障\"}', '0:0:0:0:0:0:0:1', '2020-03-25 15:25:29', NULL);
INSERT INTO `cl_log` VALUES (223, '/good/doGood', '[Good(goodId=null, userId=null, articleId=null, commentId=null)]', 0, '	at com.hnxx.zy.clms.core.service.impl.GoodServiceImpl.doGood(GoodServiceImpl.java:29)\n	at com.hnxx.zy.clms.controller.GoodController.doGood(GoodController.java:26)\n	at com.hnxx.zy.clms.controller.GoodController$$FastClassBySpringCGLIB$$aa636bc0.invoke(<generated>)\n	at com.hnxx.zy.clms.common.aspect.RequestAspect.doAround(RequestAspect.java:78)\n	at com.hnxx.zy.clms.controller.GoodController$$EnhancerBySpringCGLIB$$42999b86.doGood(<generated>)\n	at com.hnxx.zy.clms.security.jwt.JwtAuthTokenFilter.doFilterInternal(JwtAuthTokenFilter.java:59)\n', 'PUT', 0, NULL, '0:0:0:0:0:0:0:1', '2020-03-25 15:26:56', NULL);
INSERT INTO `cl_log` VALUES (224, '/error', '[SecurityContextHolderAwareRequestWrapper[ FirewalledRequest[ org.apache.catalina.core.ApplicationHttpRequest@459b2081]]]', 1, '	at com.hnxx.zy.clms.core.service.impl.GoodServiceImpl.doGood(GoodServiceImpl.java:29)\n	at com.hnxx.zy.clms.controller.GoodController.doGood(GoodController.java:26)\n	at com.hnxx.zy.clms.controller.GoodController$$FastClassBySpringCGLIB$$aa636bc0.invoke(<generated>)\n	at com.hnxx.zy.clms.common.aspect.RequestAspect.doAround(RequestAspect.java:78)\n	at com.hnxx.zy.clms.controller.GoodController$$EnhancerBySpringCGLIB$$42999b86.doGood(<generated>)\n	at com.hnxx.zy.clms.security.jwt.JwtAuthTokenFilter.doFilterInternal(JwtAuthTokenFilter.java:59)\n', 'PUT', 4, '{\"code\":500,\"msg\":\"服务器故障\"}', '0:0:0:0:0:0:0:1', '2020-03-25 15:26:56', NULL);
INSERT INTO `cl_log` VALUES (225, '/error', '[SecurityContextHolderAwareRequestWrapper[ FirewalledRequest[ org.apache.catalina.core.ApplicationHttpRequest@657729a]]]', 1, NULL, 'POST', 24, '{\"code\":0,\"data\":\"405\",\"msg\":\"未知错误\"}', '0:0:0:0:0:0:0:1', '2020-03-25 15:27:18', NULL);
INSERT INTO `cl_log` VALUES (226, '/log/getByPage', '[Page(currentPage=1, pageSize=20, totalPage=0, totalCount=0, index=0, list=null, params={}, sortColumn=null, sortMethod=asc)]', 1, NULL, 'POST', 240, '{\"code\":200,\"data\":{\"currentPage\":1,\"index\":0,\"list\":[{\"createdTime\":\"2020-03-22 12:04:47\",\"logId\":37,\"logIp\":\"0:0:0:0:0:0:0:1\",\"logMessage\":\"org.springframework.dao.DataIntegrityViolationException: \\n### Error updating database.  Cause: com.mysql.cj.jdbc.exceptions.MysqlDataTruncation: Data truncation: Data too long for column \'article_author\' at row 1\\n### The error may involve com.hnxx.zy.clms.core.mapper.ArticleMapper.save-Inline\\n### Cause: com.mysql.cj.jdbc.exceptions.MysqlDataTruncation: Data truncation: Data too long for column \'article_author\' at row 1\\n\\tat com.hnxx.zy.clms.core.service.impl.ArticleServiceImpl.save(ArticleServiceImpl.java:23)\\n\\tat com.hnxx.zy.clms.controller.ArticleController.save(ArticleController.java:32)\\n\\tat com.hnxx.zy.clms.controller.ArticleController$$FastClassBySpringCGLIB$$7b8f9c4b.invoke(<generated>)\\n\\tat com.hnxx.zy.clms.common.aspect.RequestAspect.doAround(RequestAspect.java:78)\\n\\tat com.hnxx.zy.clms.controller.ArticleController$$EnhancerBySpringCGLIB$$210ce6f9.save(<generated>)\\nCaused by: com.mysql.cj.jdbc.exceptions.MysqlDataTruncation: Data truncation: Data too long for column \'article_author\' at row 1\\n\",\"logMethod\":\"POST\",\"logParams\":\"[Article(articleId=null, articleTitle=测试文章1, articleAuthor=code-fusheng, articleImage=null, articleContent=这是code-fsheng写的测试文章1的内容，关于文章的测试, articleGood=null, articleRead=null, articleCollection=null, articleType=1, articleComment=null, articleSource=null, createdTime=null, updateTime=null, isEnable=null, isDeleted=null, version=null)]\",\"logStatus\":0,\"logTime\":0,\"logUrl\":\"/article/save\"},{\"createdTime\":\"2020-03-22 12:06:08\",\"logId\":38,\"logIp\":\"0:0:0:0:0:0:0:1\",\"logMethod\":\"POST\",\"logParams\":\"[Article(articleId=null, articleTitle=测试文章1, articleAuthor=code-fusheng, articleImage=null, articleContent=这是code-fsheng写的测试文章1的内容，关于文章的测试, articleGood=null, articleRead=null, articleCollection=null, articleType=1, articleComment=null, articleSource=null, createdTime=null, updateTime=null, isEnable=null, isDeleted=null, version=null)]\",\"logResult\":\"{\\\"code\\\":200,\\\"msg\\\":\\\"添加成功！\\\"}\",\"logStatus\":1,\"logTime\":141,\"logUrl\":\"/article/save\"},{\"createdTime\":\"2020-03-22 12:16:29\",\"logId\":39,\"logIp\":\"0:0:0:0:0:0:0:1\",\"logMethod\":\"POST\",\"logParams\":\"[Article(articleId=null, articleTitle=测试文章2, articleAuthor=code-fusheng, articleImage=null, articleContent=这是code-fsheng写的测试文章2的内容，关于文章的测试, articleGood=null, articleRead=null, articleCollection=null, articleType=2, articleComment=null, articleSource=null, createdTime=null, updateTime=null, isEnable=null, isDeleted=null, version=null)]\",\"logResult\":\"{\\\"code\\\":200,\\\"msg\\\":\\\"添加成功！\\\"}\",\"logStatus\":1,\"logTime\":2134,\"logUrl\":\"/article/save\"},{\"createdTime\":\"2020-03-22 12:59:37\",\"logId\":40,\"logIp\":\"0:0:0:0:0:0:0:1\",\"logMethod\":\"POST\",\"logParams\":\"[Article(articleId=null, articleTitle=测试文章3, articleAuthor=code-fusheng, articleImage=null, articleContent=这是code-fsheng写的测试文章3的内容，关于文章的测试, articleGood=null, articleRead=null, articleCollection=null, articleType=2, articleComment=null, articleSource=null, createdTime=null, updateTime=null, isEnable=null, isDeleted=null, version=null)]\",\"logResult\":\"{\\\"code\\\":200,\\\"msg\\\":\\\"添加成功！\\\"}\",\"logStatus\":1,\"logTime\":351,\"logUrl\":\"/article/save\"},{\"createdTime\":\"2020-03-22 14:22:26\",\"logId\":41,\"logIp\":\"0:0:0:0:0:0:0:1\",\"logMessage\":\"org.springframework.dao.DataIntegrityViolationException: \\n### Error updating database.  Cause: java.sql.SQLException: Field \'type_count\' doesn\'t have a default value\\n### The error may involve com.hnxx.zy.clms.core.mapper.ArticleTypeMapper.save-Inline\\n### Cause: java.sql.SQLException: Field \'type_count\' doesn\'t have a default value\\n; Field \'type_count\' doesn\'t have a default value; nested exception is java.sql.SQLException: Field \'type_count\' doesn\'t have a default value\\n\\tat com.hnxx.zy.clms.core.service.impl.ArticleTypeServiceImpl.save(ArticleTypeServiceImpl.java:27)\\n\\tat com.hnxx.zy.clms.controller.ArticleTypeController.save(ArticleTypeController.java:33)\\n\\tat com.hnxx.zy.clms.controller.ArticleTypeController$$FastClassBySpringCGLIB$$1107d7a5.invoke(<generated>)\\n\\tat com.hnxx.zy.clms.common.aspect.RequestAspect.doAround(RequestAspect.java:78)\\n\\tat com.hnxx.zy.clms.controller.ArticleTypeController$$EnhancerBySpringCGLIB$$9f90931d.save(<generated>)\\nCaused by: java.sql.SQLException: Field \'type_count\' doesn\'t have a default value\\n\",\"logMethod\":\"POST\",\"logParams\":\"[ArticleType(typeId=null, typeName=C, typeCount=null, createdTime=null, updateTime=null, isEnable=null, isDeleted=null)]\",\"logStatus\":0,\"logTime\":0,\"logUrl\":\"/articleType/save\"},{\"createdTime\":\"2020-03-22 14:23:28\",\"logId\":42,\"logIp\":\"0:0:0:0:0:0:0:1\",\"logMethod\":\"POST\",\"logParams\":\"[ArticleType(typeId=null, typeName=C, typeCount=null, createdTime=null, updateTime=null, isEnable=null, isDeleted=null)]\",\"logResult\":\"{\\\"code\\\":200,\\\"msg\\\":\\\"添加成功！\\\"}\",\"logStatus\":1,\"logTime\":126,\"logUrl\":\"/articleType/save\"},{\"createdTime\":\"2020-03-22 14:23:44\",\"logId\":43,\"logIp\":\"0:0:0:0:0:0:0:1\",\"logMethod\":\"POST\",\"logParams\":\"[ArticleType(typeId=null, typeName=C++, typeCount=null, createdTime=null, updateTime=null, isEnable=null, isDeleted=null)]\",\"logResult\":\"{\\\"code\\\":200,\\\"msg\\\":\\\"添加成功！\\\"}\",\"logStatus\":1,\"logTime\":169,\"logUrl\":\"/articleType/save\"},{\"createdTime\":\"2020-03-22 14:23:54\",\"logId\":44,\"logIp\":\"0:0:0:0:0:0:0:1\",\"logMethod\":\"POST\",\"logParams\":\"[ArticleType(typeId=null, typeName=Java, typeCount=null, createdTime=null, updateTime=null, isEnable=null, isDeleted=null)]\",\"logResult\":\"{\\\"code\\\":200,\\\"msg\\\":\\\"添加成功！\\\"}\",\"logStatus\":1,\"logTime\":357,\"logUrl\":\"/articleType/save\"},{\"createdTime\":\"2020-03-22 14:24:07\",\"logId\":45,\"logIp\":\"0:0:0:0:0:0:0:1\",\"logMethod\":\"POST\",\"logParams\":\"[ArticleType(typeId=null, typeName=Python, typeCount=null, createdTime=null, updateTime=null, isEnable=null, isDeleted=null)]\",\"logResult\":\"{\\\"code\\\":200,\\\"msg\\\":\\\"添加成功！\\\"}\",\"logStatus\":1,\"logTime\":165,\"logUrl\":\"/articleType/save\"},{\"createdTime\":\"2020-03-22 14:41:11\",\"logId\":46,\"logIp\":\"0:0:0:0:0:0:0:1\",\"logMethod\":\"GET\",\"logParams\":\"[1]\",\"logResult\":\"{\\\"code\\\":200,\\\"data\\\":{\\\"isDeleted\\\":0,\\\"typeCount\\\":0,\\\"typeId\\\":1,\\\"typeName\\\":\\\"C\\\"},\\\"msg\\\":\\\"操作成功！\\\"}\",\"logStatus\":1,\"logTime\":211,\"logUrl\":\"/articleType/get/1\"},{\"createdTime\":\"2020-03-22 14:41:46\",\"logId\":47,\"logIp\":\"0:0:0:0:0:0:0:1\",\"logMethod\":\"GET\",\"logParams\":\"[2]\",\"logResult\":\"{\\\"code\\\":200,\\\"data\\\":{\\\"isDeleted\\\":0,\\\"typeCount\\\":0,\\\"typeId\\\":2,\\\"typeName\\\":\\\"C++\\\"},\\\"msg\\\":\\\"操作成功！\\\"}\",\"logStatus\":1,\"logTime\":22,\"logUrl\":\"/articleType/get/2\"},{\"createdTime\":\"2020-03-22 14:47:44\",\"logId\":48,\"logIp\":\"0:0:0:0:0:0:0:1\",\"logMethod\":\"GET\",\"logParams\":\"[2]\",\"logResult\":\"{\\\"code\\\":200,\\\"data\\\":{\\\"isDeleted\\\":0,\\\"typeCount\\\":0,\\\"typeId\\\":2,\\\"typeName\\\":\\\"C++\\\"},\\\"msg\\\":\\\"操作成功！\\\"}\",\"logStatus\":1,\"logTime\":258,\"logUrl\":\"/articleType/get/2\"},{\"createdTime\":\"2020-03-22 15:13:42\",\"logId\":49,\"logIp\":\"0:0:0:0:0:0:0:1\",\"logMethod\":\"GET\",\"logParams\":\"[]\",\"logResult\":\"{\\\"code\\\":200,\\\"data\\\":[{\\\"typeCount\\\":0,\\\"typeId\\\":1,\\\"typeName\\\":\\\"C\\\"},{\\\"typeCount\\\":0,\\\"typeId\\\":2,\\\"typeName\\\":\\\"C++\\\"},{\\\"typeCount\\\":0,\\\"typeId\\\":3,\\\"typeName\\\":\\\"Java\\\"},{\\\"typeCount\\\":0,\\\"typeId\\\":4,\\\"typeName\\\":\\\"Python\\\"}],\\\"msg\\\":\\\"操作成功！\\\"}\",\"logStatus\":1,\"logTime\":199,\"logUrl\":\"/articleType/getList\"},{\"createdTime\":\"2020-03-22 15:14:44\",\"logId\":50,\"logIp\":\"0:0:0:0:0:0:0:1\",\"logMethod\":\"GET\",\"logParams\":\"[]\",\"logResult\":\"{\\\"code\\\":200,\\\"data\\\":[{\\\"createdTime\\\":\\\"2020-03-22 14:23:28\\\",\\\"isDeleted\\\":0,\\\"isEnable\\\":1,\\\"typeCount\\\":0,\\\"typeId\\\":1,\\\"typeName\\\":\\\"C\\\",\\\"updateTime\\\":\\\"2020-03-22 14:23:28\\\"},{\\\"createdTime\\\":\\\"2020-03-22 14:23:44\\\",\\\"isDeleted\\\":0,\\\"isEnable\\\":1,\\\"typeCount\\\":0,\\\"typeId\\\":2,\\\"typeName\\\":\\\"C++\\\",\\\"updateTime\\\":\\\"2020-03-22 14:23:44\\\"},{\\\"createdTime\\\":\\\"2020-03-22 14:23:53\\\",\\\"isDeleted\\\":0,\\\"isEnable\\\":1,\\\"typeCount\\\":0,\\\"typeId\\\":3,\\\"typeName\\\":\\\"Java\\\",\\\"updateTime\\\":\\\"2020-03-22 14:23:53\\\"},{\\\"createdTime\\\":\\\"2020-03-22 14:24:07\\\",\\\"isDeleted\\\":0,\\\"isEnable\\\":1,\\\"typeCount\\\":0,\\\"typeId\\\":4,\\\"typeName\\\":\\\"Python\\\",\\\"updateTime\\\":\\\"2020-03-22 14:24:07\\\"}],\\\"msg\\\":\\\"操作成功！\\\"}\",\"logStatus\":1,\"logTime\":27,\"logUrl\":\"/articleType/getAll\"},{\"createdTime\":\"2020-03-22 15:38:20\",\"logId\":51,\"logIp\":\"0:0:0:0:0:0:0:1\",\"logMessage\":\"org.springframework.jdbc.BadSqlGrammarException: \\n### Error updating database.  Cause: java.sql.SQLSyntaxErrorException: You have an error in your SQL syntax; check the manual that corresponds to your MySQL server version for the right syntax to use near \'= version + 1\\n### The error may involve com.hnxx.zy.clms.core.mapper.ArticleTypeMapper.update-Inline\\n### Cause: java.sql.SQLSyntaxErrorException: You have an error in your SQL syntax; check the manual that corresponds to your MySQL server version for the right syntax to use near \'= version + 1\\n; bad SQL grammar []; nested exception is java.sql.SQLSyntaxErrorException: You have an error in your SQL syntax; check the manual that corresponds to your MySQL server version for the right syntax to use near \'= version + 1\\n\\tat com.hnxx.zy.clms.core.service.impl.ArticleTypeServiceImpl.update(ArticleTypeServiceImpl.java:62)\\n\\tat com.hnxx.zy.clms.controller.ArticleTypeController.update(ArticleTypeController.java:74)\\n\\tat com.hnxx.zy.clms.controller.ArticleTypeController$$FastClassBySpringCGLIB$$1107d7a5.invoke(<generated>)\\n\\tat com.hnxx.zy.clms.common.aspect.RequestAspect.doAround(RequestAspect.java:78)\\n\\tat com.hnxx.zy.clms.controller.ArticleTypeController$$EnhancerBySpringCGLIB$$df38a3a5.update(<generated>)\\nCaused by: java.sql.SQLSyntaxErrorException: You have an error in your SQL syntax; check the manual that corresponds to your MySQL server version for the right syntax to use near \'= version + 1\\n\",\"logMethod\":\"PUT\",\"logParams\":\"[ArticleType(typeId=1, typeName=分类修改测试1, typeCount=null, createdTime=null, updateTime=null, isEnable=null, isDeleted=null, version=null)]\",\"logStatus\":0,\"logTime\":0,\"logUrl\":\"/articleType/update\"},{\"createdTime\":\"2020-03-22 15:40:22\",\"logId\":52,\"logIp\":\"0:0:0:0:0:0:0:1\",\"logMethod\":\"PUT\",\"logParams\":\"[ArticleType(typeId=1, typeName=分类修改测试1, typeCount=null, createdTime=null, updateTime=null, isEnable=null, isDeleted=null, version=null)]\",\"logResult\":\"{\\\"code\\\":200,\\\"msg\\\":\\\"修改成功!\\\"}\",\"logStatus\":1,\"logTime\":218,\"logUrl\":\"/articleType/update\"},{\"createdTime\":\"2020-03-22 15:41:44\",\"logId\":53,\"logIp\":\"0:0:0:0:0:0:0:1\",\"logMethod\":\"PUT\",\"logParams\":\"[ArticleType(typeId=1, typeName=分类修改测试1, typeCount=null, createdTime=null, updateTime=null, isEnable=null, isDeleted=null, version=null)]\",\"logResult\":\"{\\\"code\\\":200,\\\"msg\\\":\\\"修改成功!\\\"}\",\"logStatus\":1,\"logTime\":21,\"logUrl\":\"/articleType/update\"},{\"createdTime\":\"2020-03-22 15:41:53\",\"logId\":54,\"logIp\":\"0:0:0:0:0:0:0:1\",\"logMethod\":\"GET\",\"logParams\":\"[1]\",\"logResult\":\"{\\\"code\\\":200,\\\"data\\\":{\\\"isDeleted\\\":0,\\\"typeCount\\\":0,\\\"typeId\\\":1,\\\"typeName\\\":\\\"C\\\"},\\\"msg\\\":\\\"操作成功！\\\"}\",\"logStatus\":1,\"logTime\":68,\"logUrl\":\"/articleType/get/1\"},{\"createdTime\":\"2020-03-22 15:42:31\",\"logId\":55,\"logIp\":\"0:0:0:0:0:0:0:1\",\"logMethod\":\"PUT\",\"logParams\":\"[ArticleType(typeId=1, typeName=分类修改测试1, typeCount=2, createdTime=null, updateTime=null, isEnable=null, isDeleted=null, version=null)]\",\"logResult\":\"{\\\"code\\\":200,\\\"msg\\\":\\\"修改成功!\\\"}\",\"logStatus\":1,\"logTime\":20,\"logUrl\":\"/articleType/update\"},{\"createdTime\":\"2020-03-22 15:45:07\",\"logId\":56,\"logIp\":\"0:0:0:0:0:0:0:1\",\"logMethod\":\"PUT\",\"logParams\":\"[ArticleType(typeId=1, typeName=分类修改测试1, typeCount=2, createdTime=null, updateTime=null, isEnable=null, isDeleted=null, version=null)]\",\"logResult\":\"{\\\"code\\\":200,\\\"msg\\\":\\\"修改成功!\\\"}\",\"logStatus\":1,\"logTime\":173,\"logUrl\":\"/articleType/update\"}],\"pageSize\":20,\"params\":{},\"sortMethod\":\"asc\",\"totalCount\":188,\"totalPage\":10},\"msg\":\"操作成功！\"}', '0:0:0:0:0:0:0:1', '2020-03-25 15:27:56', NULL);
INSERT INTO `cl_log` VALUES (227, '/good/doGood', '[Good(goodId=null, userId=1, articleId=1, commentId=0)]', 0, 'org.mybatis.spring.MyBatisSystemException: nested exception is org.apache.ibatis.reflection.ReflectionException: There is no getter for property named \'comment_id\' in \'class com.hnxx.zy.clms.core.entity.Good\'\n	at com.hnxx.zy.clms.core.service.impl.GoodServiceImpl.doGood(GoodServiceImpl.java:43)\n	at com.hnxx.zy.clms.controller.GoodController.doGood(GoodController.java:24)\n	at com.hnxx.zy.clms.controller.GoodController$$FastClassBySpringCGLIB$$aa636bc0.invoke(<generated>)\n	at com.hnxx.zy.clms.common.aspect.RequestAspect.doAround(RequestAspect.java:78)\n	at com.hnxx.zy.clms.controller.GoodController$$EnhancerBySpringCGLIB$$dcb99113.doGood(<generated>)\n	at com.hnxx.zy.clms.security.jwt.JwtAuthTokenFilter.doFilterInternal(JwtAuthTokenFilter.java:59)\nCaused by: org.apache.ibatis.reflection.ReflectionException: There is no getter for property named \'comment_id\' in \'class com.hnxx.zy.clms.core.entity.Good\'\n', 'PUT', 0, NULL, '0:0:0:0:0:0:0:1', '2020-03-25 15:28:45', NULL);
INSERT INTO `cl_log` VALUES (228, '/error', '[SecurityContextHolderAwareRequestWrapper[ FirewalledRequest[ org.apache.catalina.core.ApplicationHttpRequest@30fce50f]]]', 1, 'org.mybatis.spring.MyBatisSystemException: nested exception is org.apache.ibatis.reflection.ReflectionException: There is no getter for property named \'comment_id\' in \'class com.hnxx.zy.clms.core.entity.Good\'\n	at com.hnxx.zy.clms.core.service.impl.GoodServiceImpl.doGood(GoodServiceImpl.java:43)\n	at com.hnxx.zy.clms.controller.GoodController.doGood(GoodController.java:24)\n	at com.hnxx.zy.clms.controller.GoodController$$FastClassBySpringCGLIB$$aa636bc0.invoke(<generated>)\n	at com.hnxx.zy.clms.common.aspect.RequestAspect.doAround(RequestAspect.java:78)\n	at com.hnxx.zy.clms.controller.GoodController$$EnhancerBySpringCGLIB$$dcb99113.doGood(<generated>)\n	at com.hnxx.zy.clms.security.jwt.JwtAuthTokenFilter.doFilterInternal(JwtAuthTokenFilter.java:59)\nCaused by: org.apache.ibatis.reflection.ReflectionException: There is no getter for property named \'comment_id\' in \'class com.hnxx.zy.clms.core.entity.Good\'\n', 'PUT', 13, '{\"code\":500,\"msg\":\"服务器故障\"}', '0:0:0:0:0:0:0:1', '2020-03-25 15:28:46', NULL);
INSERT INTO `cl_log` VALUES (229, '/good/doGood', '[Good(goodId=null, userId=1, articleId=1, commentId=0)]', 0, 'org.mybatis.spring.MyBatisSystemException: nested exception is org.apache.ibatis.reflection.ReflectionException: There is no getter for property named \'comment_id\' in \'class com.hnxx.zy.clms.core.entity.Good\'\n	at com.hnxx.zy.clms.core.service.impl.GoodServiceImpl.doGood(GoodServiceImpl.java:43)\n	at com.hnxx.zy.clms.controller.GoodController.doGood(GoodController.java:24)\n	at com.hnxx.zy.clms.controller.GoodController$$FastClassBySpringCGLIB$$aa636bc0.invoke(<generated>)\n	at com.hnxx.zy.clms.common.aspect.RequestAspect.doAround(RequestAspect.java:78)\n	at com.hnxx.zy.clms.controller.GoodController$$EnhancerBySpringCGLIB$$2aa7da.doGood(<generated>)\n	at com.hnxx.zy.clms.security.jwt.JwtAuthTokenFilter.doFilterInternal(JwtAuthTokenFilter.java:59)\nCaused by: org.apache.ibatis.reflection.ReflectionException: There is no getter for property named \'comment_id\' in \'class com.hnxx.zy.clms.core.entity.Good\'\n', 'PUT', 0, NULL, '0:0:0:0:0:0:0:1', '2020-03-25 15:30:01', NULL);
INSERT INTO `cl_log` VALUES (230, '/error', '[SecurityContextHolderAwareRequestWrapper[ FirewalledRequest[ org.apache.catalina.core.ApplicationHttpRequest@404ff239]]]', 1, 'org.mybatis.spring.MyBatisSystemException: nested exception is org.apache.ibatis.reflection.ReflectionException: There is no getter for property named \'comment_id\' in \'class com.hnxx.zy.clms.core.entity.Good\'\n	at com.hnxx.zy.clms.core.service.impl.GoodServiceImpl.doGood(GoodServiceImpl.java:43)\n	at com.hnxx.zy.clms.controller.GoodController.doGood(GoodController.java:24)\n	at com.hnxx.zy.clms.controller.GoodController$$FastClassBySpringCGLIB$$aa636bc0.invoke(<generated>)\n	at com.hnxx.zy.clms.common.aspect.RequestAspect.doAround(RequestAspect.java:78)\n	at com.hnxx.zy.clms.controller.GoodController$$EnhancerBySpringCGLIB$$2aa7da.doGood(<generated>)\n	at com.hnxx.zy.clms.security.jwt.JwtAuthTokenFilter.doFilterInternal(JwtAuthTokenFilter.java:59)\nCaused by: org.apache.ibatis.reflection.ReflectionException: There is no getter for property named \'comment_id\' in \'class com.hnxx.zy.clms.core.entity.Good\'\n', 'PUT', 7, '{\"code\":500,\"msg\":\"服务器故障\"}', '0:0:0:0:0:0:0:1', '2020-03-25 15:30:02', NULL);
INSERT INTO `cl_log` VALUES (231, '/log/getByPage', '[Page(currentPage=1, pageSize=3, totalPage=0, totalCount=0, index=0, list=null, params={logId=41}, sortColumn=null, sortMethod=asc)]', 1, NULL, 'POST', 155, '{\"code\":200,\"data\":{\"currentPage\":1,\"index\":0,\"list\":[{\"createdTime\":\"2020-03-22 12:04:47\",\"logId\":37,\"logIp\":\"0:0:0:0:0:0:0:1\",\"logMessage\":\"org.springframework.dao.DataIntegrityViolationException: \\n### Error updating database.  Cause: com.mysql.cj.jdbc.exceptions.MysqlDataTruncation: Data truncation: Data too long for column \'article_author\' at row 1\\n### The error may involve com.hnxx.zy.clms.core.mapper.ArticleMapper.save-Inline\\n### Cause: com.mysql.cj.jdbc.exceptions.MysqlDataTruncation: Data truncation: Data too long for column \'article_author\' at row 1\\n\\tat com.hnxx.zy.clms.core.service.impl.ArticleServiceImpl.save(ArticleServiceImpl.java:23)\\n\\tat com.hnxx.zy.clms.controller.ArticleController.save(ArticleController.java:32)\\n\\tat com.hnxx.zy.clms.controller.ArticleController$$FastClassBySpringCGLIB$$7b8f9c4b.invoke(<generated>)\\n\\tat com.hnxx.zy.clms.common.aspect.RequestAspect.doAround(RequestAspect.java:78)\\n\\tat com.hnxx.zy.clms.controller.ArticleController$$EnhancerBySpringCGLIB$$210ce6f9.save(<generated>)\\nCaused by: com.mysql.cj.jdbc.exceptions.MysqlDataTruncation: Data truncation: Data too long for column \'article_author\' at row 1\\n\",\"logMethod\":\"POST\",\"logParams\":\"[Article(articleId=null, articleTitle=测试文章1, articleAuthor=code-fusheng, articleImage=null, articleContent=这是code-fsheng写的测试文章1的内容，关于文章的测试, articleGood=null, articleRead=null, articleCollection=null, articleType=1, articleComment=null, articleSource=null, createdTime=null, updateTime=null, isEnable=null, isDeleted=null, version=null)]\",\"logStatus\":0,\"logTime\":0,\"logUrl\":\"/article/save\"},{\"createdTime\":\"2020-03-22 12:06:08\",\"logId\":38,\"logIp\":\"0:0:0:0:0:0:0:1\",\"logMethod\":\"POST\",\"logParams\":\"[Article(articleId=null, articleTitle=测试文章1, articleAuthor=code-fusheng, articleImage=null, articleContent=这是code-fsheng写的测试文章1的内容，关于文章的测试, articleGood=null, articleRead=null, articleCollection=null, articleType=1, articleComment=null, articleSource=null, createdTime=null, updateTime=null, isEnable=null, isDeleted=null, version=null)]\",\"logResult\":\"{\\\"code\\\":200,\\\"msg\\\":\\\"添加成功！\\\"}\",\"logStatus\":1,\"logTime\":141,\"logUrl\":\"/article/save\"},{\"createdTime\":\"2020-03-22 12:16:29\",\"logId\":39,\"logIp\":\"0:0:0:0:0:0:0:1\",\"logMethod\":\"POST\",\"logParams\":\"[Article(articleId=null, articleTitle=测试文章2, articleAuthor=code-fusheng, articleImage=null, articleContent=这是code-fsheng写的测试文章2的内容，关于文章的测试, articleGood=null, articleRead=null, articleCollection=null, articleType=2, articleComment=null, articleSource=null, createdTime=null, updateTime=null, isEnable=null, isDeleted=null, version=null)]\",\"logResult\":\"{\\\"code\\\":200,\\\"msg\\\":\\\"添加成功！\\\"}\",\"logStatus\":1,\"logTime\":2134,\"logUrl\":\"/article/save\"}],\"pageSize\":3,\"params\":{\"logId\":\"41\"},\"sortMethod\":\"asc\",\"totalCount\":193,\"totalPage\":65},\"msg\":\"操作成功！\"}', '0:0:0:0:0:0:0:1', '2020-03-25 15:31:42', NULL);
INSERT INTO `cl_log` VALUES (232, '/good/doGood', '[Good(goodId=null, userId=1, articleId=1, commentId=0)]', 0, 'org.mybatis.spring.MyBatisSystemException: nested exception is org.apache.ibatis.reflection.ReflectionException: There is no getter for property named \'comment_id\' in \'class com.hnxx.zy.clms.core.entity.Good\'\n	at com.hnxx.zy.clms.core.service.impl.GoodServiceImpl.doGood(GoodServiceImpl.java:43)\n	at com.hnxx.zy.clms.controller.GoodController.doGood(GoodController.java:24)\n	at com.hnxx.zy.clms.controller.GoodController$$FastClassBySpringCGLIB$$aa636bc0.invoke(<generated>)\n	at com.hnxx.zy.clms.common.aspect.RequestAspect.doAround(RequestAspect.java:78)\n	at com.hnxx.zy.clms.controller.GoodController$$EnhancerBySpringCGLIB$$996a2c69.doGood(<generated>)\n	at com.hnxx.zy.clms.security.jwt.JwtAuthTokenFilter.doFilterInternal(JwtAuthTokenFilter.java:59)\nCaused by: org.apache.ibatis.reflection.ReflectionException: There is no getter for property named \'comment_id\' in \'class com.hnxx.zy.clms.core.entity.Good\'\n', 'PUT', 0, NULL, '0:0:0:0:0:0:0:1', '2020-03-25 15:32:29', NULL);
INSERT INTO `cl_log` VALUES (233, '/error', '[SecurityContextHolderAwareRequestWrapper[ FirewalledRequest[ org.apache.catalina.core.ApplicationHttpRequest@42b69242]]]', 1, 'org.mybatis.spring.MyBatisSystemException: nested exception is org.apache.ibatis.reflection.ReflectionException: There is no getter for property named \'comment_id\' in \'class com.hnxx.zy.clms.core.entity.Good\'\n	at com.hnxx.zy.clms.core.service.impl.GoodServiceImpl.doGood(GoodServiceImpl.java:43)\n	at com.hnxx.zy.clms.controller.GoodController.doGood(GoodController.java:24)\n	at com.hnxx.zy.clms.controller.GoodController$$FastClassBySpringCGLIB$$aa636bc0.invoke(<generated>)\n	at com.hnxx.zy.clms.common.aspect.RequestAspect.doAround(RequestAspect.java:78)\n	at com.hnxx.zy.clms.controller.GoodController$$EnhancerBySpringCGLIB$$996a2c69.doGood(<generated>)\n	at com.hnxx.zy.clms.security.jwt.JwtAuthTokenFilter.doFilterInternal(JwtAuthTokenFilter.java:59)\nCaused by: org.apache.ibatis.reflection.ReflectionException: There is no getter for property named \'comment_id\' in \'class com.hnxx.zy.clms.core.entity.Good\'\n', 'PUT', 7, '{\"code\":500,\"msg\":\"服务器故障\"}', '0:0:0:0:0:0:0:1', '2020-03-25 15:32:29', NULL);
INSERT INTO `cl_log` VALUES (234, '/log/getByPage', '[Page(currentPage=1, pageSize=4, totalPage=0, totalCount=0, index=0, list=null, params={logMethod=get}, sortColumn=created_time, sortMethod=desc)]', 1, NULL, 'POST', 274, '{\"code\":200,\"data\":{\"currentPage\":1,\"index\":0,\"list\":[{\"createdTime\":\"2020-03-25 15:12:07\",\"logId\":220,\"logIp\":\"0:0:0:0:0:0:0:1\",\"logMethod\":\"GET\",\"logParams\":\"[SecurityContextHolderAwareRequestWrapper[ org.springframework.security.web.context.HttpSessionSecurityContextRepository$SaveToSessionRequestWrapper@5f2286a3]]\",\"logResult\":\"{\\\"code\\\":0,\\\"data\\\":\\\"400\\\",\\\"msg\\\":\\\"未知错误\\\"}\",\"logStatus\":1,\"logTime\":4,\"logUrl\":\"/error\"},{\"createdTime\":\"2020-03-25 15:12:04\",\"logId\":219,\"logIp\":\"0:0:0:0:0:0:0:1\",\"logMethod\":\"GET\",\"logParams\":\"[SecurityContextHolderAwareRequestWrapper[ org.springframework.security.web.context.HttpSessionSecurityContextRepository$SaveToSessionRequestWrapper@48267a01]]\",\"logResult\":\"{\\\"code\\\":0,\\\"data\\\":\\\"400\\\",\\\"msg\\\":\\\"未知错误\\\"}\",\"logStatus\":1,\"logTime\":7,\"logUrl\":\"/error\"},{\"createdTime\":\"2020-03-25 15:12:03\",\"logId\":218,\"logIp\":\"0:0:0:0:0:0:0:1\",\"logMethod\":\"GET\",\"logParams\":\"[SecurityContextHolderAwareRequestWrapper[ org.springframework.security.web.context.HttpSessionSecurityContextRepository$SaveToSessionRequestWrapper@62463734]]\",\"logResult\":\"{\\\"code\\\":0,\\\"data\\\":\\\"400\\\",\\\"msg\\\":\\\"未知错误\\\"}\",\"logStatus\":1,\"logTime\":4,\"logUrl\":\"/error\"},{\"createdTime\":\"2020-03-25 15:12:02\",\"logId\":217,\"logIp\":\"0:0:0:0:0:0:0:1\",\"logMethod\":\"GET\",\"logParams\":\"[SecurityContextHolderAwareRequestWrapper[ org.springframework.security.web.context.HttpSessionSecurityContextRepository$SaveToSessionRequestWrapper@2922d791]]\",\"logResult\":\"{\\\"code\\\":0,\\\"data\\\":\\\"400\\\",\\\"msg\\\":\\\"未知错误\\\"}\",\"logStatus\":1,\"logTime\":7,\"logUrl\":\"/error\"}],\"pageSize\":4,\"params\":{\"logMethod\":\"get\"},\"sortColumn\":\"created_time\",\"sortMethod\":\"desc\",\"totalCount\":104,\"totalPage\":26},\"msg\":\"操作成功！\"}', '0:0:0:0:0:0:0:1', '2020-03-25 15:37:20', NULL);
INSERT INTO `cl_log` VALUES (235, '/log/getByPage', '[Page(currentPage=1, pageSize=4, totalPage=0, totalCount=0, index=0, list=null, params={logMethod=get, logId=100}, sortColumn=created_time, sortMethod=desc)]', 1, NULL, 'POST', 234, '{\"code\":200,\"data\":{\"currentPage\":1,\"index\":0,\"list\":[{\"createdTime\":\"2020-03-23 22:40:58\",\"logId\":100,\"logIp\":\"0:0:0:0:0:0:0:1\",\"logMethod\":\"GET\",\"logParams\":\"[]\",\"logResult\":\"\\\"index\\\"\",\"logStatus\":1,\"logTime\":16,\"logUrl\":\"/\"}],\"pageSize\":4,\"params\":{\"logMethod\":\"get\",\"logId\":100},\"sortColumn\":\"created_time\",\"sortMethod\":\"desc\",\"totalCount\":104,\"totalPage\":26},\"msg\":\"操作成功！\"}', '0:0:0:0:0:0:0:1', '2020-03-25 15:43:48', NULL);
INSERT INTO `cl_log` VALUES (236, '/log/getByPage', '[Page(currentPage=1, pageSize=4, totalPage=0, totalCount=0, index=0, list=null, params={logMethod=get}, sortColumn=created_time, sortMethod=desc)]', 1, NULL, 'POST', 169, '{\"code\":200,\"data\":{\"currentPage\":1,\"index\":0,\"list\":[{\"createdTime\":\"2020-03-25 15:12:07\",\"logId\":220,\"logIp\":\"0:0:0:0:0:0:0:1\",\"logMethod\":\"GET\",\"logParams\":\"[SecurityContextHolderAwareRequestWrapper[ org.springframework.security.web.context.HttpSessionSecurityContextRepository$SaveToSessionRequestWrapper@5f2286a3]]\",\"logResult\":\"{\\\"code\\\":0,\\\"data\\\":\\\"400\\\",\\\"msg\\\":\\\"未知错误\\\"}\",\"logStatus\":1,\"logTime\":4,\"logUrl\":\"/error\"},{\"createdTime\":\"2020-03-25 15:12:04\",\"logId\":219,\"logIp\":\"0:0:0:0:0:0:0:1\",\"logMethod\":\"GET\",\"logParams\":\"[SecurityContextHolderAwareRequestWrapper[ org.springframework.security.web.context.HttpSessionSecurityContextRepository$SaveToSessionRequestWrapper@48267a01]]\",\"logResult\":\"{\\\"code\\\":0,\\\"data\\\":\\\"400\\\",\\\"msg\\\":\\\"未知错误\\\"}\",\"logStatus\":1,\"logTime\":7,\"logUrl\":\"/error\"},{\"createdTime\":\"2020-03-25 15:12:03\",\"logId\":218,\"logIp\":\"0:0:0:0:0:0:0:1\",\"logMethod\":\"GET\",\"logParams\":\"[SecurityContextHolderAwareRequestWrapper[ org.springframework.security.web.context.HttpSessionSecurityContextRepository$SaveToSessionRequestWrapper@62463734]]\",\"logResult\":\"{\\\"code\\\":0,\\\"data\\\":\\\"400\\\",\\\"msg\\\":\\\"未知错误\\\"}\",\"logStatus\":1,\"logTime\":4,\"logUrl\":\"/error\"},{\"createdTime\":\"2020-03-25 15:12:02\",\"logId\":217,\"logIp\":\"0:0:0:0:0:0:0:1\",\"logMethod\":\"GET\",\"logParams\":\"[SecurityContextHolderAwareRequestWrapper[ org.springframework.security.web.context.HttpSessionSecurityContextRepository$SaveToSessionRequestWrapper@2922d791]]\",\"logResult\":\"{\\\"code\\\":0,\\\"data\\\":\\\"400\\\",\\\"msg\\\":\\\"未知错误\\\"}\",\"logStatus\":1,\"logTime\":7,\"logUrl\":\"/error\"}],\"pageSize\":4,\"params\":{\"logMethod\":\"get\"},\"sortColumn\":\"created_time\",\"sortMethod\":\"desc\",\"totalCount\":104,\"totalPage\":26},\"msg\":\"操作成功！\"}', '0:0:0:0:0:0:0:1', '2020-03-25 15:47:46', NULL);
INSERT INTO `cl_log` VALUES (237, '/good/doGood', '[Good(goodId=null, userId=1, articleId=1, commentId=0)]', 0, 'org.springframework.dao.DataIntegrityViolationException: \n### Error updating database.  Cause: java.sql.SQLIntegrityConstraintViolationException: Column \'good_id\' cannot be null\n### The error may involve com.hnxx.zy.clms.core.mapper.GoodMapper.save-Inline\n### Cause: java.sql.SQLIntegrityConstraintViolationException: Column \'good_id\' cannot be null\n; Column \'good_id\' cannot be null; nested exception is java.sql.SQLIntegrityConstraintViolationException: Column \'good_id\' cannot be null\n	at com.hnxx.zy.clms.core.service.impl.GoodServiceImpl.doGood(GoodServiceImpl.java:43)\n	at com.hnxx.zy.clms.controller.GoodController.doGood(GoodController.java:24)\n	at com.hnxx.zy.clms.controller.GoodController$$FastClassBySpringCGLIB$$aa636bc0.invoke(<generated>)\n	at com.hnxx.zy.clms.common.aspect.RequestAspect.doAround(RequestAspect.java:78)\n	at com.hnxx.zy.clms.controller.GoodController$$EnhancerBySpringCGLIB$$909746fa.doGood(<generated>)\n	at com.hnxx.zy.clms.security.jwt.JwtAuthTokenFilter.doFilterInternal(JwtAuthTokenFilter.java:59)\nCaused by: java.sql.SQLIntegrityConstraintViolationException: Column \'good_id\' cannot be null\n', 'PUT', 0, NULL, '0:0:0:0:0:0:0:1', '2020-03-25 15:48:49', NULL);
INSERT INTO `cl_log` VALUES (238, '/error', '[SecurityContextHolderAwareRequestWrapper[ FirewalledRequest[ org.apache.catalina.core.ApplicationHttpRequest@2aaf3c37]]]', 1, 'org.springframework.dao.DataIntegrityViolationException: \n### Error updating database.  Cause: java.sql.SQLIntegrityConstraintViolationException: Column \'good_id\' cannot be null\n### The error may involve com.hnxx.zy.clms.core.mapper.GoodMapper.save-Inline\n### Cause: java.sql.SQLIntegrityConstraintViolationException: Column \'good_id\' cannot be null\n; Column \'good_id\' cannot be null; nested exception is java.sql.SQLIntegrityConstraintViolationException: Column \'good_id\' cannot be null\n	at com.hnxx.zy.clms.core.service.impl.GoodServiceImpl.doGood(GoodServiceImpl.java:43)\n	at com.hnxx.zy.clms.controller.GoodController.doGood(GoodController.java:24)\n	at com.hnxx.zy.clms.controller.GoodController$$FastClassBySpringCGLIB$$aa636bc0.invoke(<generated>)\n	at com.hnxx.zy.clms.common.aspect.RequestAspect.doAround(RequestAspect.java:78)\n	at com.hnxx.zy.clms.controller.GoodController$$EnhancerBySpringCGLIB$$909746fa.doGood(<generated>)\n	at com.hnxx.zy.clms.security.jwt.JwtAuthTokenFilter.doFilterInternal(JwtAuthTokenFilter.java:59)\nCaused by: java.sql.SQLIntegrityConstraintViolationException: Column \'good_id\' cannot be null\n', 'PUT', 8, '{\"code\":500,\"msg\":\"服务器故障\"}', '0:0:0:0:0:0:0:1', '2020-03-25 15:48:49', NULL);
INSERT INTO `cl_log` VALUES (239, '/good/doGood', '[Good(goodId=null, userId=1, articleId=1, commentId=0)]', 1, NULL, 'PUT', 253, '{\"code\":200,\"msg\":\"点赞成功!\"}', '0:0:0:0:0:0:0:1', '2020-03-25 15:49:18', NULL);
INSERT INTO `cl_log` VALUES (240, '/good/doGood', '[Good(goodId=null, userId=1, articleId=1, commentId=0)]', 1, NULL, 'PUT', 286, '{\"code\":200,\"msg\":\"点赞成功!\"}', '0:0:0:0:0:0:0:1', '2020-03-25 16:16:01', NULL);
INSERT INTO `cl_log` VALUES (241, '/log/getByPage', '[Page(currentPage=1, pageSize=3, totalPage=0, totalCount=0, index=0, list=null, params={logId=41}, sortColumn=null, sortMethod=asc)]', 1, NULL, 'POST', 283, '{\"code\":200,\"data\":{\"currentPage\":1,\"index\":0,\"list\":[{\"createdTime\":\"2020-03-22 12:04:47\",\"logId\":37,\"logIp\":\"0:0:0:0:0:0:0:1\",\"logMessage\":\"org.springframework.dao.DataIntegrityViolationException: \\n### Error updating database.  Cause: com.mysql.cj.jdbc.exceptions.MysqlDataTruncation: Data truncation: Data too long for column \'article_author\' at row 1\\n### The error may involve com.hnxx.zy.clms.core.mapper.ArticleMapper.save-Inline\\n### Cause: com.mysql.cj.jdbc.exceptions.MysqlDataTruncation: Data truncation: Data too long for column \'article_author\' at row 1\\n\\tat com.hnxx.zy.clms.core.service.impl.ArticleServiceImpl.save(ArticleServiceImpl.java:23)\\n\\tat com.hnxx.zy.clms.controller.ArticleController.save(ArticleController.java:32)\\n\\tat com.hnxx.zy.clms.controller.ArticleController$$FastClassBySpringCGLIB$$7b8f9c4b.invoke(<generated>)\\n\\tat com.hnxx.zy.clms.common.aspect.RequestAspect.doAround(RequestAspect.java:78)\\n\\tat com.hnxx.zy.clms.controller.ArticleController$$EnhancerBySpringCGLIB$$210ce6f9.save(<generated>)\\nCaused by: com.mysql.cj.jdbc.exceptions.MysqlDataTruncation: Data truncation: Data too long for column \'article_author\' at row 1\\n\",\"logMethod\":\"POST\",\"logParams\":\"[Article(articleId=null, articleTitle=测试文章1, articleAuthor=code-fusheng, articleImage=null, articleContent=这是code-fsheng写的测试文章1的内容，关于文章的测试, articleGood=null, articleRead=null, articleCollection=null, articleType=1, articleComment=null, articleSource=null, createdTime=null, updateTime=null, isEnable=null, isDeleted=null, version=null)]\",\"logStatus\":0,\"logTime\":0,\"logUrl\":\"/article/save\"},{\"createdTime\":\"2020-03-22 12:06:08\",\"logId\":38,\"logIp\":\"0:0:0:0:0:0:0:1\",\"logMethod\":\"POST\",\"logParams\":\"[Article(articleId=null, articleTitle=测试文章1, articleAuthor=code-fusheng, articleImage=null, articleContent=这是code-fsheng写的测试文章1的内容，关于文章的测试, articleGood=null, articleRead=null, articleCollection=null, articleType=1, articleComment=null, articleSource=null, createdTime=null, updateTime=null, isEnable=null, isDeleted=null, version=null)]\",\"logResult\":\"{\\\"code\\\":200,\\\"msg\\\":\\\"添加成功！\\\"}\",\"logStatus\":1,\"logTime\":141,\"logUrl\":\"/article/save\"},{\"createdTime\":\"2020-03-22 12:16:29\",\"logId\":39,\"logIp\":\"0:0:0:0:0:0:0:1\",\"logMethod\":\"POST\",\"logParams\":\"[Article(articleId=null, articleTitle=测试文章2, articleAuthor=code-fusheng, articleImage=null, articleContent=这是code-fsheng写的测试文章2的内容，关于文章的测试, articleGood=null, articleRead=null, articleCollection=null, articleType=2, articleComment=null, articleSource=null, createdTime=null, updateTime=null, isEnable=null, isDeleted=null, version=null)]\",\"logResult\":\"{\\\"code\\\":200,\\\"msg\\\":\\\"添加成功！\\\"}\",\"logStatus\":1,\"logTime\":2134,\"logUrl\":\"/article/save\"}],\"pageSize\":3,\"params\":{\"logId\":\"41\"},\"sortMethod\":\"asc\",\"totalCount\":203,\"totalPage\":68},\"msg\":\"操作成功！\"}', '0:0:0:0:0:0:0:1', '2020-03-25 16:16:10', NULL);
INSERT INTO `cl_log` VALUES (242, '/log/getByPage', '[Page(currentPage=1, pageSize=4, totalPage=0, totalCount=0, index=0, list=null, params={logMethod=get}, sortColumn=created_time, sortMethod=desc)]', 1, NULL, 'POST', 272, '{\"code\":200,\"data\":{\"currentPage\":1,\"index\":0,\"list\":[{\"createdTime\":\"2020-03-25 15:12:07\",\"logId\":220,\"logIp\":\"0:0:0:0:0:0:0:1\",\"logMethod\":\"GET\",\"logParams\":\"[SecurityContextHolderAwareRequestWrapper[ org.springframework.security.web.context.HttpSessionSecurityContextRepository$SaveToSessionRequestWrapper@5f2286a3]]\",\"logResult\":\"{\\\"code\\\":0,\\\"data\\\":\\\"400\\\",\\\"msg\\\":\\\"未知错误\\\"}\",\"logStatus\":1,\"logTime\":4,\"logUrl\":\"/error\"},{\"createdTime\":\"2020-03-25 15:12:04\",\"logId\":219,\"logIp\":\"0:0:0:0:0:0:0:1\",\"logMethod\":\"GET\",\"logParams\":\"[SecurityContextHolderAwareRequestWrapper[ org.springframework.security.web.context.HttpSessionSecurityContextRepository$SaveToSessionRequestWrapper@48267a01]]\",\"logResult\":\"{\\\"code\\\":0,\\\"data\\\":\\\"400\\\",\\\"msg\\\":\\\"未知错误\\\"}\",\"logStatus\":1,\"logTime\":7,\"logUrl\":\"/error\"},{\"createdTime\":\"2020-03-25 15:12:03\",\"logId\":218,\"logIp\":\"0:0:0:0:0:0:0:1\",\"logMethod\":\"GET\",\"logParams\":\"[SecurityContextHolderAwareRequestWrapper[ org.springframework.security.web.context.HttpSessionSecurityContextRepository$SaveToSessionRequestWrapper@62463734]]\",\"logResult\":\"{\\\"code\\\":0,\\\"data\\\":\\\"400\\\",\\\"msg\\\":\\\"未知错误\\\"}\",\"logStatus\":1,\"logTime\":4,\"logUrl\":\"/error\"},{\"createdTime\":\"2020-03-25 15:12:02\",\"logId\":217,\"logIp\":\"0:0:0:0:0:0:0:1\",\"logMethod\":\"GET\",\"logParams\":\"[SecurityContextHolderAwareRequestWrapper[ org.springframework.security.web.context.HttpSessionSecurityContextRepository$SaveToSessionRequestWrapper@2922d791]]\",\"logResult\":\"{\\\"code\\\":0,\\\"data\\\":\\\"400\\\",\\\"msg\\\":\\\"未知错误\\\"}\",\"logStatus\":1,\"logTime\":7,\"logUrl\":\"/error\"}],\"pageSize\":4,\"params\":{\"logMethod\":\"get\"},\"sortColumn\":\"created_time\",\"sortMethod\":\"desc\",\"totalCount\":104,\"totalPage\":26},\"msg\":\"操作成功！\"}', '0:0:0:0:0:0:0:1', '2020-03-25 16:16:46', NULL);
INSERT INTO `cl_log` VALUES (243, '/classes/save', '[Classes(classesId=0, classesName=null, classesStates=0)]', 1, NULL, 'POST', 241, '{\"code\":200,\"msg\":\"操作成功！\"}', '0:0:0:0:0:0:0:1', '2020-03-25 16:18:03', NULL);
INSERT INTO `cl_log` VALUES (244, '/error', '[SecurityContextHolderAwareRequestWrapper[ FirewalledRequest[ org.apache.catalina.core.ApplicationHttpRequest@6af0681e]]]', 1, NULL, 'POST', 25, '{\"code\":0,\"data\":\"400\",\"msg\":\"未知错误\"}', '0:0:0:0:0:0:0:1', '2020-03-25 16:19:42', NULL);
INSERT INTO `cl_log` VALUES (245, '/error', '[SecurityContextHolderAwareRequestWrapper[ FirewalledRequest[ org.apache.catalina.core.ApplicationHttpRequest@5ffc9b60]]]', 1, NULL, 'POST', 4, '{\"code\":0,\"data\":\"400\",\"msg\":\"未知错误\"}', '0:0:0:0:0:0:0:1', '2020-03-25 16:20:34', NULL);
INSERT INTO `cl_log` VALUES (246, '/error', '[SecurityContextHolderAwareRequestWrapper[ FirewalledRequest[ org.apache.catalina.core.ApplicationHttpRequest@49b8af2a]]]', 1, NULL, 'POST', 5, '{\"code\":0,\"data\":\"400\",\"msg\":\"未知错误\"}', '0:0:0:0:0:0:0:1', '2020-03-25 16:22:42', NULL);
INSERT INTO `cl_log` VALUES (247, '/classes/save', '[Classes(classesId=0, classesName=软件工程7班q, classesStates=1)]', 1, NULL, 'POST', 59899, '{\"code\":200,\"msg\":\"操作成功！\"}', '0:0:0:0:0:0:0:1', '2020-03-25 16:24:19', NULL);
INSERT INTO `cl_log` VALUES (248, '/error', '[SecurityContextHolderAwareRequestWrapper[ FirewalledRequest[ org.apache.catalina.core.ApplicationHttpRequest@70bff3e4]]]', 1, NULL, 'POST', 3, '{\"code\":0,\"data\":\"405\",\"msg\":\"未知错误\"}', '0:0:0:0:0:0:0:1', '2020-03-25 16:26:54', NULL);
INSERT INTO `cl_log` VALUES (249, '/classes/all', '[1, 5]', 1, NULL, 'GET', 43817, '{\"code\":200,\"data\":[{\"classesId\":2,\"classesName\":\"软件工程7班q\",\"classesStates\":1}],\"msg\":\"操作成功！\"}', '0:0:0:0:0:0:0:1', '2020-03-25 16:52:01', NULL);
INSERT INTO `cl_log` VALUES (250, '/classes/all', '[1, 5]', 1, NULL, 'GET', 10859, '{\"code\":200,\"data\":{\"currentPage\":1,\"index\":0,\"list\":[{\"classesId\":2,\"classesName\":\"软件工程7班q\",\"classesStates\":1}],\"pageSize\":20,\"params\":{},\"sortMethod\":\"asc\",\"totalCount\":1,\"totalPage\":1},\"msg\":\"操作成功！\"}', '0:0:0:0:0:0:0:1', '2020-03-25 16:57:22', NULL);
INSERT INTO `cl_log` VALUES (251, '/classes/all', '[1, 5]', 1, NULL, 'GET', 66928, '{\"code\":200,\"data\":{\"currentPage\":1,\"index\":0,\"list\":[{\"classesId\":2,\"classesName\":\"软件工程7班q\",\"classesStates\":1},{\"classesId\":3,\"classesName\":\"1\",\"classesStates\":0},{\"classesId\":4,\"classesName\":\"2\",\"classesStates\":0},{\"classesId\":5,\"classesName\":\"3\",\"classesStates\":0},{\"classesId\":6,\"classesName\":\"4\",\"classesStates\":0}],\"pageSize\":5,\"params\":{},\"sortMethod\":\"asc\",\"totalCount\":5,\"totalPage\":1},\"msg\":\"操作成功！\"}', '0:0:0:0:0:0:0:1', '2020-03-25 17:02:24', NULL);
INSERT INTO `cl_log` VALUES (252, '/classes/all', '[1, 5]', 1, NULL, 'GET', 5119, '{\"code\":200,\"data\":{\"endRow\":5,\"hasNextPage\":true,\"hasPreviousPage\":false,\"isFirstPage\":true,\"isLastPage\":false,\"list\":[{\"classesId\":2,\"classesName\":\"软件工程7班q\",\"classesStates\":1},{\"classesId\":3,\"classesName\":\"1\",\"classesStates\":0},{\"classesId\":4,\"classesName\":\"2\",\"classesStates\":0},{\"classesId\":5,\"classesName\":\"3\",\"classesStates\":0},{\"classesId\":6,\"classesName\":\"4\",\"classesStates\":0}],\"navigateFirstPage\":1,\"navigateLastPage\":2,\"navigatePages\":8,\"navigatepageNums\":[1,2],\"nextPage\":2,\"pageNum\":1,\"pageSize\":5,\"pages\":2,\"prePage\":0,\"size\":5,\"startRow\":1,\"total\":6},\"msg\":\"操作成功！\"}', '0:0:0:0:0:0:0:1', '2020-03-25 17:04:09', NULL);
INSERT INTO `cl_log` VALUES (253, '/classes/all', '[2, 5]', 1, NULL, 'GET', 12083, '{\"code\":200,\"data\":{\"endRow\":6,\"hasNextPage\":false,\"hasPreviousPage\":true,\"isFirstPage\":false,\"isLastPage\":true,\"list\":[{\"classesId\":7,\"classesName\":\"7\",\"classesStates\":0}],\"navigateFirstPage\":1,\"navigateLastPage\":2,\"navigatePages\":8,\"navigatepageNums\":[1,2],\"nextPage\":0,\"pageNum\":2,\"pageSize\":5,\"pages\":2,\"prePage\":1,\"size\":1,\"startRow\":6,\"total\":6},\"msg\":\"操作成功！\"}', '0:0:0:0:0:0:0:1', '2020-03-25 17:05:51', NULL);
INSERT INTO `cl_log` VALUES (254, '/error', '[SecurityContextHolderAwareRequestWrapper[ FirewalledRequest[ org.apache.catalina.core.ApplicationHttpRequest@4b42f71a]]]', 1, NULL, 'POST', 37, '{\"code\":500,\"msg\":\"服务器故障\"}', '0:0:0:0:0:0:0:1', '2020-03-25 18:03:14', NULL);
INSERT INTO `cl_log` VALUES (255, '/error', '[SecurityContextHolderAwareRequestWrapper[ FirewalledRequest[ org.apache.catalina.core.ApplicationHttpRequest@ab7ebcc]]]', 1, NULL, 'POST', 3, '{\"code\":0,\"data\":\"400\",\"msg\":\"未知错误\"}', '0:0:0:0:0:0:0:1', '2020-03-25 18:03:32', NULL);
INSERT INTO `cl_log` VALUES (256, '/report/getByUserId', '[Page(currentPage=1, pageSize=2, totalPage=0, totalCount=0, index=0, list=null, params={user_id=1, report_type=0}, sortColumn=report_id, sortMethod=asc)]', 1, NULL, 'POST', 8, '{\"code\":401,\"msg\":\"参数错误！\"}', '0:0:0:0:0:0:0:1', '2020-03-25 18:04:50', NULL);
INSERT INTO `cl_log` VALUES (257, '/report/getByUserId', '[Page(currentPage=1, pageSize=2, totalPage=0, totalCount=0, index=0, list=null, params={user_id=1, report_type=0}, sortColumn=report_id, sortMethod=asc)]', 1, NULL, 'POST', 18, '{\"code\":401,\"msg\":\"参数错误！\"}', '0:0:0:0:0:0:0:1', '2020-03-25 18:06:23', NULL);
INSERT INTO `cl_log` VALUES (258, '/report/getByUserId', '[Page(currentPage=1, pageSize=2, totalPage=0, totalCount=0, index=0, list=null, params={user_id=1, report_type=0}, sortColumn=update_time, sortMethod=asc)]', 1, NULL, 'POST', 8, '{\"code\":401,\"msg\":\"参数错误！\"}', '0:0:0:0:0:0:0:1', '2020-03-25 18:07:06', NULL);
INSERT INTO `cl_log` VALUES (259, '/report/getByUserId', '[Page(currentPage=1, pageSize=2, totalPage=0, totalCount=0, index=0, list=null, params={user_id=1, report_type=0}, sortColumn=update_time, sortMethod=asc)]', 1, NULL, 'POST', 20, '{\"code\":401,\"msg\":\"参数错误！\"}', '0:0:0:0:0:0:0:1', '2020-03-25 18:09:39', NULL);
INSERT INTO `cl_log` VALUES (260, '/report/getByUserId', '[Page(currentPage=1, pageSize=2, totalPage=0, totalCount=0, index=0, list=null, params={user_id=1, report_type=0}, sortColumn=report_id, sortMethod=asc)]', 1, NULL, 'POST', 86, '{\"code\":200,\"msg\":\"操作成功！\"}', '0:0:0:0:0:0:0:1', '2020-03-25 18:09:50', NULL);
INSERT INTO `cl_log` VALUES (261, '/report/getByUserId', '[Page(currentPage=1, pageSize=2, totalPage=0, totalCount=0, index=0, list=null, params={user_id=1, report_type=0}, sortColumn=report_id, sortMethod=asc)]', 1, NULL, 'POST', 94, '{\"code\":200,\"msg\":\"操作成功！\"}', '0:0:0:0:0:0:0:1', '2020-03-25 18:12:07', NULL);
INSERT INTO `cl_log` VALUES (262, '/report/getByUserId', '[Page(currentPage=1, pageSize=2, totalPage=0, totalCount=0, index=0, list=null, params={user_id=1, report_type=1}, sortColumn=report_id, sortMethod=asc)]', 0, 'org.mybatis.spring.MyBatisSystemException: nested exception is org.apache.ibatis.exceptions.TooManyResultsException: Expected one result (or null) to be returned by selectOne(), but found: 2\n	at com.hnxx.zy.clms.core.service.impl.ReportServiceImpl.getReportByUserId(ReportServiceImpl.java:49)\n	at com.hnxx.zy.clms.controller.ReportController.getByUserId(ReportController.java:84)\n	at com.hnxx.zy.clms.controller.ReportController$$FastClassBySpringCGLIB$$c73691b7.invoke(<generated>)\n	at com.hnxx.zy.clms.common.aspect.RequestAspect.doAround(RequestAspect.java:78)\n	at com.hnxx.zy.clms.controller.ReportController$$EnhancerBySpringCGLIB$$4bb49669.getByUserId(<generated>)\n	at com.hnxx.zy.clms.security.jwt.JwtAuthTokenFilter.doFilterInternal(JwtAuthTokenFilter.java:59)\nCaused by: org.apache.ibatis.exceptions.TooManyResultsException: Expected one result (or null) to be returned by selectOne(), but found: 2\n', 'POST', 0, NULL, '0:0:0:0:0:0:0:1', '2020-03-25 18:13:47', NULL);
INSERT INTO `cl_log` VALUES (263, '/error', '[SecurityContextHolderAwareRequestWrapper[ FirewalledRequest[ org.apache.catalina.core.ApplicationHttpRequest@63b31c2e]]]', 1, 'org.mybatis.spring.MyBatisSystemException: nested exception is org.apache.ibatis.exceptions.TooManyResultsException: Expected one result (or null) to be returned by selectOne(), but found: 2\n	at com.hnxx.zy.clms.core.service.impl.ReportServiceImpl.getReportByUserId(ReportServiceImpl.java:49)\n	at com.hnxx.zy.clms.controller.ReportController.getByUserId(ReportController.java:84)\n	at com.hnxx.zy.clms.controller.ReportController$$FastClassBySpringCGLIB$$c73691b7.invoke(<generated>)\n	at com.hnxx.zy.clms.common.aspect.RequestAspect.doAround(RequestAspect.java:78)\n	at com.hnxx.zy.clms.controller.ReportController$$EnhancerBySpringCGLIB$$4bb49669.getByUserId(<generated>)\n	at com.hnxx.zy.clms.security.jwt.JwtAuthTokenFilter.doFilterInternal(JwtAuthTokenFilter.java:59)\nCaused by: org.apache.ibatis.exceptions.TooManyResultsException: Expected one result (or null) to be returned by selectOne(), but found: 2\n', 'POST', 7, '{\"code\":500,\"msg\":\"服务器故障\"}', '0:0:0:0:0:0:0:1', '2020-03-25 18:13:47', NULL);
INSERT INTO `cl_log` VALUES (264, '/report/getByUserId', '[Page(currentPage=1, pageSize=2, totalPage=0, totalCount=0, index=0, list=null, params={user_id=1, report_type=1}, sortColumn=report_id, sortMethod=asc)]', 0, 'org.mybatis.spring.MyBatisSystemException: nested exception is org.apache.ibatis.exceptions.TooManyResultsException: Expected one result (or null) to be returned by selectOne(), but found: 2\n	at com.hnxx.zy.clms.core.service.impl.ReportServiceImpl.getReportByUserId(ReportServiceImpl.java:49)\n	at com.hnxx.zy.clms.controller.ReportController.getByUserId(ReportController.java:84)\n	at com.hnxx.zy.clms.controller.ReportController$$FastClassBySpringCGLIB$$c73691b7.invoke(<generated>)\n	at com.hnxx.zy.clms.common.aspect.RequestAspect.doAround(RequestAspect.java:78)\n	at com.hnxx.zy.clms.controller.ReportController$$EnhancerBySpringCGLIB$$e8f72de2.getByUserId(<generated>)\n	at com.hnxx.zy.clms.security.jwt.JwtAuthTokenFilter.doFilterInternal(JwtAuthTokenFilter.java:59)\nCaused by: org.apache.ibatis.exceptions.TooManyResultsException: Expected one result (or null) to be returned by selectOne(), but found: 2\n', 'POST', 0, NULL, '0:0:0:0:0:0:0:1', '2020-03-25 18:15:34', NULL);
INSERT INTO `cl_log` VALUES (265, '/error', '[SecurityContextHolderAwareRequestWrapper[ FirewalledRequest[ org.apache.catalina.core.ApplicationHttpRequest@27b97976]]]', 1, 'org.mybatis.spring.MyBatisSystemException: nested exception is org.apache.ibatis.exceptions.TooManyResultsException: Expected one result (or null) to be returned by selectOne(), but found: 2\n	at com.hnxx.zy.clms.core.service.impl.ReportServiceImpl.getReportByUserId(ReportServiceImpl.java:49)\n	at com.hnxx.zy.clms.controller.ReportController.getByUserId(ReportController.java:84)\n	at com.hnxx.zy.clms.controller.ReportController$$FastClassBySpringCGLIB$$c73691b7.invoke(<generated>)\n	at com.hnxx.zy.clms.common.aspect.RequestAspect.doAround(RequestAspect.java:78)\n	at com.hnxx.zy.clms.controller.ReportController$$EnhancerBySpringCGLIB$$e8f72de2.getByUserId(<generated>)\n	at com.hnxx.zy.clms.security.jwt.JwtAuthTokenFilter.doFilterInternal(JwtAuthTokenFilter.java:59)\nCaused by: org.apache.ibatis.exceptions.TooManyResultsException: Expected one result (or null) to be returned by selectOne(), but found: 2\n', 'POST', 11, '{\"code\":500,\"msg\":\"服务器故障\"}', '0:0:0:0:0:0:0:1', '2020-03-25 18:15:34', NULL);
INSERT INTO `cl_log` VALUES (266, '/report/getByUserId', '[Page(currentPage=1, pageSize=2, totalPage=0, totalCount=0, index=0, list=null, params={user_id=1, report_type=1}, sortColumn=report_id, sortMethod=asc)]', 0, 'org.mybatis.spring.MyBatisSystemException: nested exception is org.apache.ibatis.exceptions.TooManyResultsException: Expected one result (or null) to be returned by selectOne(), but found: 2\n	at com.hnxx.zy.clms.core.service.impl.ReportServiceImpl.getReportByUserId(ReportServiceImpl.java:49)\n	at com.hnxx.zy.clms.controller.ReportController.getByUserId(ReportController.java:84)\n	at com.hnxx.zy.clms.controller.ReportController$$FastClassBySpringCGLIB$$c73691b7.invoke(<generated>)\n	at com.hnxx.zy.clms.common.aspect.RequestAspect.doAround(RequestAspect.java:78)\n	at com.hnxx.zy.clms.controller.ReportController$$EnhancerBySpringCGLIB$$e8f72de2.getByUserId(<generated>)\n	at com.hnxx.zy.clms.security.jwt.JwtAuthTokenFilter.doFilterInternal(JwtAuthTokenFilter.java:59)\nCaused by: org.apache.ibatis.exceptions.TooManyResultsException: Expected one result (or null) to be returned by selectOne(), but found: 2\n', 'POST', 0, NULL, '0:0:0:0:0:0:0:1', '2020-03-25 18:16:24', NULL);
INSERT INTO `cl_log` VALUES (267, '/error', '[SecurityContextHolderAwareRequestWrapper[ FirewalledRequest[ org.apache.catalina.core.ApplicationHttpRequest@6e65eac4]]]', 1, 'org.mybatis.spring.MyBatisSystemException: nested exception is org.apache.ibatis.exceptions.TooManyResultsException: Expected one result (or null) to be returned by selectOne(), but found: 2\n	at com.hnxx.zy.clms.core.service.impl.ReportServiceImpl.getReportByUserId(ReportServiceImpl.java:49)\n	at com.hnxx.zy.clms.controller.ReportController.getByUserId(ReportController.java:84)\n	at com.hnxx.zy.clms.controller.ReportController$$FastClassBySpringCGLIB$$c73691b7.invoke(<generated>)\n	at com.hnxx.zy.clms.common.aspect.RequestAspect.doAround(RequestAspect.java:78)\n	at com.hnxx.zy.clms.controller.ReportController$$EnhancerBySpringCGLIB$$e8f72de2.getByUserId(<generated>)\n	at com.hnxx.zy.clms.security.jwt.JwtAuthTokenFilter.doFilterInternal(JwtAuthTokenFilter.java:59)\nCaused by: org.apache.ibatis.exceptions.TooManyResultsException: Expected one result (or null) to be returned by selectOne(), but found: 2\n', 'POST', 2, '{\"code\":500,\"msg\":\"服务器故障\"}', '0:0:0:0:0:0:0:1', '2020-03-25 18:16:24', NULL);
INSERT INTO `cl_log` VALUES (268, '/report/getByUserId', '[Page(currentPage=1, pageSize=2, totalPage=0, totalCount=0, index=0, list=null, params={user_id=1, report_type=1}, sortColumn=report_id, sortMethod=desc)]', 0, 'org.mybatis.spring.MyBatisSystemException: nested exception is org.apache.ibatis.exceptions.TooManyResultsException: Expected one result (or null) to be returned by selectOne(), but found: 2\n	at com.hnxx.zy.clms.core.service.impl.ReportServiceImpl.getReportByUserId(ReportServiceImpl.java:49)\n	at com.hnxx.zy.clms.controller.ReportController.getByUserId(ReportController.java:84)\n	at com.hnxx.zy.clms.controller.ReportController$$FastClassBySpringCGLIB$$c73691b7.invoke(<generated>)\n	at com.hnxx.zy.clms.common.aspect.RequestAspect.doAround(RequestAspect.java:78)\n	at com.hnxx.zy.clms.controller.ReportController$$EnhancerBySpringCGLIB$$e8f72de2.getByUserId(<generated>)\n	at com.hnxx.zy.clms.security.jwt.JwtAuthTokenFilter.doFilterInternal(JwtAuthTokenFilter.java:59)\nCaused by: org.apache.ibatis.exceptions.TooManyResultsException: Expected one result (or null) to be returned by selectOne(), but found: 2\n', 'POST', 0, NULL, '0:0:0:0:0:0:0:1', '2020-03-25 18:17:08', NULL);
INSERT INTO `cl_log` VALUES (269, '/error', '[SecurityContextHolderAwareRequestWrapper[ FirewalledRequest[ org.apache.catalina.core.ApplicationHttpRequest@4d90169]]]', 1, 'org.mybatis.spring.MyBatisSystemException: nested exception is org.apache.ibatis.exceptions.TooManyResultsException: Expected one result (or null) to be returned by selectOne(), but found: 2\n	at com.hnxx.zy.clms.core.service.impl.ReportServiceImpl.getReportByUserId(ReportServiceImpl.java:49)\n	at com.hnxx.zy.clms.controller.ReportController.getByUserId(ReportController.java:84)\n	at com.hnxx.zy.clms.controller.ReportController$$FastClassBySpringCGLIB$$c73691b7.invoke(<generated>)\n	at com.hnxx.zy.clms.common.aspect.RequestAspect.doAround(RequestAspect.java:78)\n	at com.hnxx.zy.clms.controller.ReportController$$EnhancerBySpringCGLIB$$e8f72de2.getByUserId(<generated>)\n	at com.hnxx.zy.clms.security.jwt.JwtAuthTokenFilter.doFilterInternal(JwtAuthTokenFilter.java:59)\nCaused by: org.apache.ibatis.exceptions.TooManyResultsException: Expected one result (or null) to be returned by selectOne(), but found: 2\n', 'POST', 3, '{\"code\":500,\"msg\":\"服务器故障\"}', '0:0:0:0:0:0:0:1', '2020-03-25 18:17:08', NULL);
INSERT INTO `cl_log` VALUES (270, '/report/getByUserId', '[Page(currentPage=1, pageSize=2, totalPage=0, totalCount=0, index=0, list=null, params={user_id=1, report_type=1}, sortColumn=report_id, sortMethod=desc)]', 0, 'org.mybatis.spring.MyBatisSystemException: nested exception is org.apache.ibatis.exceptions.TooManyResultsException: Expected one result (or null) to be returned by selectOne(), but found: 2\n	at com.hnxx.zy.clms.core.service.impl.ReportServiceImpl.getReportByUserId(ReportServiceImpl.java:49)\n	at com.hnxx.zy.clms.controller.ReportController.getByUserId(ReportController.java:84)\n	at com.hnxx.zy.clms.controller.ReportController$$FastClassBySpringCGLIB$$c73691b7.invoke(<generated>)\n	at com.hnxx.zy.clms.common.aspect.RequestAspect.doAround(RequestAspect.java:78)\n	at com.hnxx.zy.clms.controller.ReportController$$EnhancerBySpringCGLIB$$2b928e09.getByUserId(<generated>)\n	at com.hnxx.zy.clms.security.jwt.JwtAuthTokenFilter.doFilterInternal(JwtAuthTokenFilter.java:59)\nCaused by: org.apache.ibatis.exceptions.TooManyResultsException: Expected one result (or null) to be returned by selectOne(), but found: 2\n', 'POST', 0, NULL, '0:0:0:0:0:0:0:1', '2020-03-25 18:19:15', NULL);
INSERT INTO `cl_log` VALUES (271, '/error', '[SecurityContextHolderAwareRequestWrapper[ FirewalledRequest[ org.apache.catalina.core.ApplicationHttpRequest@1d751a28]]]', 1, 'org.mybatis.spring.MyBatisSystemException: nested exception is org.apache.ibatis.exceptions.TooManyResultsException: Expected one result (or null) to be returned by selectOne(), but found: 2\n	at com.hnxx.zy.clms.core.service.impl.ReportServiceImpl.getReportByUserId(ReportServiceImpl.java:49)\n	at com.hnxx.zy.clms.controller.ReportController.getByUserId(ReportController.java:84)\n	at com.hnxx.zy.clms.controller.ReportController$$FastClassBySpringCGLIB$$c73691b7.invoke(<generated>)\n	at com.hnxx.zy.clms.common.aspect.RequestAspect.doAround(RequestAspect.java:78)\n	at com.hnxx.zy.clms.controller.ReportController$$EnhancerBySpringCGLIB$$2b928e09.getByUserId(<generated>)\n	at com.hnxx.zy.clms.security.jwt.JwtAuthTokenFilter.doFilterInternal(JwtAuthTokenFilter.java:59)\nCaused by: org.apache.ibatis.exceptions.TooManyResultsException: Expected one result (or null) to be returned by selectOne(), but found: 2\n', 'POST', 11, '{\"code\":500,\"msg\":\"服务器故障\"}', '0:0:0:0:0:0:0:1', '2020-03-25 18:19:16', NULL);
INSERT INTO `cl_log` VALUES (272, '/error', '[SecurityContextHolderAwareRequestWrapper[ FirewalledRequest[ org.apache.catalina.core.ApplicationHttpRequest@594a7191]]]', 1, NULL, 'POST', 3, '{\"code\":0,\"data\":\"400\",\"msg\":\"未知错误\"}', '0:0:0:0:0:0:0:1', '2020-03-25 18:22:28', NULL);
INSERT INTO `cl_log` VALUES (273, '/error', '[SecurityContextHolderAwareRequestWrapper[ FirewalledRequest[ org.apache.catalina.core.ApplicationHttpRequest@709ea11a]]]', 1, NULL, 'POST', 17, '{\"code\":0,\"data\":\"400\",\"msg\":\"未知错误\"}', '0:0:0:0:0:0:0:1', '2020-03-25 18:22:52', NULL);
INSERT INTO `cl_log` VALUES (274, '/report/getByUserId', '[Page(currentPage=1, pageSize=2, totalPage=0, totalCount=0, index=0, list=null, params={user_id=1, report_type=1}, sortColumn=report_id, sortMethod=desc)]', 0, 'org.mybatis.spring.MyBatisSystemException: nested exception is org.apache.ibatis.exceptions.TooManyResultsException: Expected one result (or null) to be returned by selectOne(), but found: 2\n	at com.hnxx.zy.clms.core.service.impl.ReportServiceImpl.getReportByUserId(ReportServiceImpl.java:49)\n	at com.hnxx.zy.clms.controller.ReportController.getByUserId(ReportController.java:84)\n	at com.hnxx.zy.clms.controller.ReportController$$FastClassBySpringCGLIB$$c73691b7.invoke(<generated>)\n	at com.hnxx.zy.clms.common.aspect.RequestAspect.doAround(RequestAspect.java:78)\n	at com.hnxx.zy.clms.controller.ReportController$$EnhancerBySpringCGLIB$$829ec1f7.getByUserId(<generated>)\n	at com.hnxx.zy.clms.security.jwt.JwtAuthTokenFilter.doFilterInternal(JwtAuthTokenFilter.java:59)\nCaused by: org.apache.ibatis.exceptions.TooManyResultsException: Expected one result (or null) to be returned by selectOne(), but found: 2\n', 'POST', 0, NULL, '0:0:0:0:0:0:0:1', '2020-03-25 18:23:19', NULL);
INSERT INTO `cl_log` VALUES (275, '/error', '[SecurityContextHolderAwareRequestWrapper[ FirewalledRequest[ org.apache.catalina.core.ApplicationHttpRequest@73ca5595]]]', 1, 'org.mybatis.spring.MyBatisSystemException: nested exception is org.apache.ibatis.exceptions.TooManyResultsException: Expected one result (or null) to be returned by selectOne(), but found: 2\n	at com.hnxx.zy.clms.core.service.impl.ReportServiceImpl.getReportByUserId(ReportServiceImpl.java:49)\n	at com.hnxx.zy.clms.controller.ReportController.getByUserId(ReportController.java:84)\n	at com.hnxx.zy.clms.controller.ReportController$$FastClassBySpringCGLIB$$c73691b7.invoke(<generated>)\n	at com.hnxx.zy.clms.common.aspect.RequestAspect.doAround(RequestAspect.java:78)\n	at com.hnxx.zy.clms.controller.ReportController$$EnhancerBySpringCGLIB$$829ec1f7.getByUserId(<generated>)\n	at com.hnxx.zy.clms.security.jwt.JwtAuthTokenFilter.doFilterInternal(JwtAuthTokenFilter.java:59)\nCaused by: org.apache.ibatis.exceptions.TooManyResultsException: Expected one result (or null) to be returned by selectOne(), but found: 2\n', 'POST', 4, '{\"code\":500,\"msg\":\"服务器故障\"}', '0:0:0:0:0:0:0:1', '2020-03-25 18:23:19', NULL);
INSERT INTO `cl_log` VALUES (276, '/report/getByUserId', '[Page(currentPage=1, pageSize=2, totalPage=0, totalCount=0, index=0, list=null, params={user_id=1, report_type=1}, sortColumn=report_id, sortMethod=desc)]', 0, 'org.mybatis.spring.MyBatisSystemException: nested exception is org.apache.ibatis.exceptions.TooManyResultsException: Expected one result (or null) to be returned by selectOne(), but found: 2\n	at com.hnxx.zy.clms.core.service.impl.ReportServiceImpl.getReportByUserId(ReportServiceImpl.java:49)\n	at com.hnxx.zy.clms.controller.ReportController.getByUserId(ReportController.java:84)\n	at com.hnxx.zy.clms.controller.ReportController$$FastClassBySpringCGLIB$$c73691b7.invoke(<generated>)\n	at com.hnxx.zy.clms.common.aspect.RequestAspect.doAround(RequestAspect.java:78)\n	at com.hnxx.zy.clms.controller.ReportController$$EnhancerBySpringCGLIB$$daab7da7.getByUserId(<generated>)\n	at com.hnxx.zy.clms.security.jwt.JwtAuthTokenFilter.doFilterInternal(JwtAuthTokenFilter.java:59)\nCaused by: org.apache.ibatis.exceptions.TooManyResultsException: Expected one result (or null) to be returned by selectOne(), but found: 2\n', 'POST', 0, NULL, '0:0:0:0:0:0:0:1', '2020-03-25 18:26:12', NULL);
INSERT INTO `cl_log` VALUES (277, '/error', '[SecurityContextHolderAwareRequestWrapper[ FirewalledRequest[ org.apache.catalina.core.ApplicationHttpRequest@29df9e2f]]]', 1, 'org.mybatis.spring.MyBatisSystemException: nested exception is org.apache.ibatis.exceptions.TooManyResultsException: Expected one result (or null) to be returned by selectOne(), but found: 2\n	at com.hnxx.zy.clms.core.service.impl.ReportServiceImpl.getReportByUserId(ReportServiceImpl.java:49)\n	at com.hnxx.zy.clms.controller.ReportController.getByUserId(ReportController.java:84)\n	at com.hnxx.zy.clms.controller.ReportController$$FastClassBySpringCGLIB$$c73691b7.invoke(<generated>)\n	at com.hnxx.zy.clms.common.aspect.RequestAspect.doAround(RequestAspect.java:78)\n	at com.hnxx.zy.clms.controller.ReportController$$EnhancerBySpringCGLIB$$daab7da7.getByUserId(<generated>)\n	at com.hnxx.zy.clms.security.jwt.JwtAuthTokenFilter.doFilterInternal(JwtAuthTokenFilter.java:59)\nCaused by: org.apache.ibatis.exceptions.TooManyResultsException: Expected one result (or null) to be returned by selectOne(), but found: 2\n', 'POST', 17, '{\"code\":500,\"msg\":\"服务器故障\"}', '0:0:0:0:0:0:0:1', '2020-03-25 18:26:12', NULL);
INSERT INTO `cl_log` VALUES (278, '/report/getByUserId', '[Page(currentPage=1, pageSize=2, totalPage=0, totalCount=0, index=0, list=null, params={user_id=1, report_type=1}, sortColumn=report_id, sortMethod=desc)]', 1, NULL, 'POST', 105, '{\"code\":200,\"data\":{\"currentPage\":1,\"index\":0,\"list\":[{\"difficulty\":\"test\",\"experience\":\"test\",\"isChecked\":0,\"isDeleted\":0,\"plan\":\"test\",\"reportId\":2,\"reportType\":1,\"solution\":\"test\",\"workContent\":\"test\"},{\"difficulty\":\"test\",\"experience\":\"test\",\"isChecked\":0,\"isDeleted\":0,\"plan\":\"test\",\"reportId\":3,\"reportType\":1,\"solution\":\"test\",\"workContent\":\"test\"}],\"pageSize\":2,\"params\":{\"user_id\":1,\"report_type\":1},\"sortColumn\":\"report_id\",\"sortMethod\":\"desc\",\"totalCount\":0,\"totalPage\":0},\"msg\":\"操作成功！\"}', '0:0:0:0:0:0:0:1', '2020-03-25 18:31:19', NULL);
INSERT INTO `cl_log` VALUES (279, '/report/getByUserId', '[Page(currentPage=1, pageSize=2, totalPage=0, totalCount=0, index=0, list=null, params={user_id=1, report_type=1}, sortColumn=report_id, sortMethod=desc)]', 1, NULL, 'POST', 131, '{\"code\":200,\"data\":{\"currentPage\":1,\"index\":0,\"list\":[{\"difficulty\":\"test\",\"experience\":\"test\",\"isChecked\":0,\"isDeleted\":0,\"plan\":\"test\",\"reportId\":2,\"reportType\":1,\"solution\":\"test\",\"workContent\":\"test\"},{\"difficulty\":\"test\",\"experience\":\"test\",\"isChecked\":0,\"isDeleted\":0,\"plan\":\"test\",\"reportId\":3,\"reportType\":1,\"solution\":\"test\",\"workContent\":\"test\"}],\"pageSize\":2,\"params\":{\"user_id\":1,\"report_type\":1},\"sortColumn\":\"report_id\",\"sortMethod\":\"desc\",\"totalCount\":0,\"totalPage\":0},\"msg\":\"操作成功！\"}', '0:0:0:0:0:0:0:1', '2020-03-25 18:32:31', NULL);
INSERT INTO `cl_log` VALUES (280, '/report/getByUserId', '[Page(currentPage=1, pageSize=2, totalPage=0, totalCount=0, index=0, list=null, params={user_id=1, report_type=1}, sortColumn=report_id, sortMethod=desc)]', 1, NULL, 'POST', 17, '{\"code\":401,\"msg\":\"参数错误！\"}', '0:0:0:0:0:0:0:1', '2020-03-25 18:34:16', NULL);
INSERT INTO `cl_log` VALUES (281, '/report/getByUserId', '[Page(currentPage=1, pageSize=2, totalPage=0, totalCount=0, index=0, list=null, params={user_id=1, report_type=1}, sortColumn=report_id, sortMethod=desc)]', 1, NULL, 'POST', 103, '{\"code\":200,\"data\":{\"currentPage\":1,\"index\":0,\"list\":[{\"difficulty\":\"test\",\"experience\":\"test\",\"isChecked\":0,\"isDeleted\":0,\"plan\":\"test\",\"reportId\":2,\"reportType\":1,\"solution\":\"test\",\"workContent\":\"test\"},{\"difficulty\":\"test\",\"experience\":\"test\",\"isChecked\":0,\"isDeleted\":0,\"plan\":\"test\",\"reportId\":3,\"reportType\":1,\"solution\":\"test\",\"workContent\":\"test\"}],\"pageSize\":2,\"params\":{\"user_id\":1,\"report_type\":1},\"sortColumn\":\"report_id\",\"sortMethod\":\"desc\",\"totalCount\":0,\"totalPage\":0},\"msg\":\"操作成功！\"}', '0:0:0:0:0:0:0:1', '2020-03-25 18:35:58', NULL);
INSERT INTO `cl_log` VALUES (282, '/report/getByUserId', '[Page(currentPage=1, pageSize=2, totalPage=0, totalCount=0, index=0, list=null, params={user_id=1, report_type=1}, sortColumn=report_id, sortMethod=esc)]', 1, NULL, 'POST', 86, '{\"code\":200,\"data\":{\"currentPage\":1,\"index\":0,\"list\":[{\"difficulty\":\"test\",\"experience\":\"test\",\"isChecked\":0,\"isDeleted\":0,\"plan\":\"test\",\"reportId\":2,\"reportType\":1,\"solution\":\"test\",\"workContent\":\"test\"},{\"difficulty\":\"test\",\"experience\":\"test\",\"isChecked\":0,\"isDeleted\":0,\"plan\":\"test\",\"reportId\":3,\"reportType\":1,\"solution\":\"test\",\"workContent\":\"test\"}],\"pageSize\":2,\"params\":{\"user_id\":1,\"report_type\":1},\"sortColumn\":\"report_id\",\"sortMethod\":\"esc\",\"totalCount\":0,\"totalPage\":0},\"msg\":\"操作成功！\"}', '0:0:0:0:0:0:0:1', '2020-03-25 18:36:10', NULL);
INSERT INTO `cl_log` VALUES (283, '/report/getByUserId', '[Page(currentPage=1, pageSize=2, totalPage=0, totalCount=0, index=0, list=null, params={user_id=1, report_type=1}, sortColumn=reportId, sortMethod=esc)]', 1, NULL, 'POST', 18, '{\"code\":401,\"msg\":\"参数错误！\"}', '0:0:0:0:0:0:0:1', '2020-03-25 18:37:26', NULL);
INSERT INTO `cl_log` VALUES (284, '/report/getByUserId', '[Page(currentPage=1, pageSize=2, totalPage=0, totalCount=0, index=0, list=null, params={user_id=1, report_type=1}, sortColumn=reportId, sortMethod=desc)]', 1, NULL, 'POST', 4, '{\"code\":401,\"msg\":\"参数错误！\"}', '0:0:0:0:0:0:0:1', '2020-03-25 18:37:32', NULL);
INSERT INTO `cl_log` VALUES (285, '/report/getByUserId', '[Page(currentPage=1, pageSize=2, totalPage=0, totalCount=0, index=0, list=null, params={user_id=1, report_type=1}, sortColumn=report_id, sortMethod=desc)]', 1, NULL, 'POST', 3, '{\"code\":401,\"msg\":\"参数错误！\"}', '0:0:0:0:0:0:0:1', '2020-03-25 18:38:33', NULL);
INSERT INTO `cl_log` VALUES (286, '/report/getByUserId', '[Page(currentPage=1, pageSize=2, totalPage=0, totalCount=0, index=0, list=null, params={user_id=1, report_type=1}, sortColumn=report_id, sortMethod=desc)]', 1, NULL, 'POST', 99, '{\"code\":200,\"data\":{\"currentPage\":1,\"index\":0,\"list\":[{\"difficulty\":\"test\",\"experience\":\"test\",\"isChecked\":0,\"isDeleted\":0,\"plan\":\"test\",\"reportId\":2,\"reportType\":1,\"solution\":\"test\",\"workContent\":\"test\"},{\"difficulty\":\"test\",\"experience\":\"test\",\"isChecked\":0,\"isDeleted\":0,\"plan\":\"test\",\"reportId\":3,\"reportType\":1,\"solution\":\"test\",\"workContent\":\"test\"}],\"pageSize\":2,\"params\":{\"user_id\":1,\"report_type\":1},\"sortColumn\":\"report_id\",\"sortMethod\":\"desc\",\"totalCount\":0,\"totalPage\":0},\"msg\":\"操作成功！\"}', '0:0:0:0:0:0:0:1', '2020-03-25 18:39:07', NULL);
INSERT INTO `cl_log` VALUES (287, '/report/getByUserId', '[Page(currentPage=1, pageSize=2, totalPage=0, totalCount=0, index=0, list=null, params={userId=1, reportType=1}, sortColumn=reportId, sortMethod=desc)]', 1, NULL, 'POST', 19, '{\"code\":401,\"msg\":\"参数错误！\"}', '0:0:0:0:0:0:0:1', '2020-03-25 18:40:47', NULL);
INSERT INTO `cl_log` VALUES (288, '/report/getByUserId', '[Page(currentPage=1, pageSize=2, totalPage=0, totalCount=0, index=0, list=null, params={userId=1, reportType=1}, sortColumn=report_id, sortMethod=desc)]', 1, NULL, 'POST', 101, '{\"code\":200,\"data\":{\"currentPage\":1,\"index\":0,\"list\":[{\"difficulty\":\"test\",\"experience\":\"test\",\"isChecked\":0,\"isDeleted\":0,\"plan\":\"test\",\"reportId\":2,\"reportType\":1,\"solution\":\"test\",\"workContent\":\"test\"},{\"difficulty\":\"test\",\"experience\":\"test\",\"isChecked\":0,\"isDeleted\":0,\"plan\":\"test\",\"reportId\":3,\"reportType\":1,\"solution\":\"test\",\"workContent\":\"test\"}],\"pageSize\":2,\"params\":{\"userId\":1,\"reportType\":1},\"sortColumn\":\"report_id\",\"sortMethod\":\"desc\",\"totalCount\":0,\"totalPage\":0},\"msg\":\"操作成功！\"}', '0:0:0:0:0:0:0:1', '2020-03-25 18:42:27', NULL);
INSERT INTO `cl_log` VALUES (289, '/report/getByUserId', '[Page(currentPage=1, pageSize=2, totalPage=0, totalCount=0, index=0, list=null, params={userId=1, reportType=1}, sortColumn=report_id, sortMethod=asc)]', 1, NULL, 'POST', 80, '{\"code\":200,\"data\":{\"currentPage\":1,\"index\":0,\"list\":[{\"difficulty\":\"test\",\"experience\":\"test\",\"isChecked\":0,\"isDeleted\":0,\"plan\":\"test\",\"reportId\":2,\"reportType\":1,\"solution\":\"test\",\"workContent\":\"test\"},{\"difficulty\":\"test\",\"experience\":\"test\",\"isChecked\":0,\"isDeleted\":0,\"plan\":\"test\",\"reportId\":3,\"reportType\":1,\"solution\":\"test\",\"workContent\":\"test\"}],\"pageSize\":2,\"params\":{\"userId\":1,\"reportType\":1},\"sortColumn\":\"report_id\",\"sortMethod\":\"asc\",\"totalCount\":0,\"totalPage\":0},\"msg\":\"操作成功！\"}', '0:0:0:0:0:0:0:1', '2020-03-25 18:42:53', NULL);
INSERT INTO `cl_log` VALUES (290, '/report/getByUserId', '[Page(currentPage=1, pageSize=2, totalPage=0, totalCount=0, index=0, list=null, params={userId=1, reportType=1}, sortColumn=report_id, sortMethod=desc)]', 1, NULL, 'POST', 79, '{\"code\":200,\"data\":{\"currentPage\":1,\"index\":0,\"list\":[{\"difficulty\":\"test\",\"experience\":\"test\",\"isChecked\":0,\"isDeleted\":0,\"plan\":\"test\",\"reportId\":2,\"reportType\":1,\"solution\":\"test\",\"workContent\":\"test\"},{\"difficulty\":\"test\",\"experience\":\"test\",\"isChecked\":0,\"isDeleted\":0,\"plan\":\"test\",\"reportId\":3,\"reportType\":1,\"solution\":\"test\",\"workContent\":\"test\"}],\"pageSize\":2,\"params\":{\"userId\":1,\"reportType\":1},\"sortColumn\":\"report_id\",\"sortMethod\":\"desc\",\"totalCount\":0,\"totalPage\":0},\"msg\":\"操作成功！\"}', '0:0:0:0:0:0:0:1', '2020-03-25 18:43:04', NULL);
INSERT INTO `cl_log` VALUES (291, '/report/getByUserId', '[Page(currentPage=1, pageSize=2, totalPage=0, totalCount=0, index=0, list=null, params={userId=1, reportType=1}, sortColumn=report_id, sortMethod=desc)]', 1, NULL, 'POST', 115, '{\"code\":200,\"data\":{\"currentPage\":1,\"index\":0,\"list\":[{\"difficulty\":\"test\",\"experience\":\"test\",\"isChecked\":0,\"isDeleted\":0,\"isEnabled\":0,\"plan\":\"test\",\"reportId\":2,\"reportType\":1,\"solution\":\"test\",\"workContent\":\"test\"},{\"difficulty\":\"test\",\"experience\":\"test\",\"isChecked\":0,\"isDeleted\":0,\"isEnabled\":0,\"plan\":\"test\",\"reportId\":3,\"reportType\":1,\"solution\":\"test\",\"workContent\":\"test\"}],\"pageSize\":2,\"params\":{\"userId\":1,\"reportType\":1},\"sortColumn\":\"report_id\",\"sortMethod\":\"desc\",\"totalCount\":0,\"totalPage\":0},\"msg\":\"操作成功！\"}', '0:0:0:0:0:0:0:1', '2020-03-25 18:46:11', NULL);
INSERT INTO `cl_log` VALUES (292, '/report/getByUserId', '[Page(currentPage=1, pageSize=2, totalPage=0, totalCount=0, index=0, list=null, params={userId=1, reportType=1}, sortColumn=report_id, sortMethod=desc)]', 1, NULL, 'POST', 102, '{\"code\":200,\"data\":{\"currentPage\":1,\"index\":0,\"list\":[{\"createdTime\":1585045400000,\"difficulty\":\"test\",\"experience\":\"test\",\"isChecked\":0,\"isDeleted\":0,\"isEnabled\":0,\"plan\":\"test\",\"reportId\":2,\"reportType\":1,\"solution\":\"test\",\"updatedTime\":1585045400000,\"workContent\":\"test\"},{\"createdTime\":1585046079000,\"difficulty\":\"test\",\"experience\":\"test\",\"isChecked\":0,\"isDeleted\":0,\"isEnabled\":0,\"plan\":\"test\",\"reportId\":3,\"reportType\":1,\"solution\":\"test\",\"updatedTime\":1585046079000,\"workContent\":\"test\"}],\"pageSize\":2,\"params\":{\"userId\":1,\"reportType\":1},\"sortColumn\":\"report_id\",\"sortMethod\":\"desc\",\"totalCount\":0,\"totalPage\":0},\"msg\":\"操作成功！\"}', '0:0:0:0:0:0:0:1', '2020-03-25 18:47:52', NULL);
INSERT INTO `cl_log` VALUES (293, '/report/getByUserId', '[Page(currentPage=1, pageSize=2, totalPage=0, totalCount=0, index=0, list=null, params={userId=1, reportType=1}, sortColumn=report_id, sortMethod=desc)]', 1, NULL, 'POST', 97, '{\"code\":200,\"data\":{\"currentPage\":1,\"index\":0,\"list\":[{\"createdTime\":1585045400000,\"difficulty\":\"test\",\"experience\":\"test\",\"isChecked\":0,\"isDeleted\":0,\"isEnabled\":0,\"plan\":\"test\",\"reportId\":2,\"reportType\":1,\"solution\":\"test\",\"updatedTime\":1585045400000,\"workContent\":\"test\"},{\"createdTime\":1585046079000,\"difficulty\":\"test\",\"experience\":\"test\",\"isChecked\":0,\"isDeleted\":0,\"isEnabled\":0,\"plan\":\"test\",\"reportId\":3,\"reportType\":1,\"solution\":\"test\",\"updatedTime\":1585046079000,\"workContent\":\"test\"}],\"pageSize\":2,\"params\":{\"userId\":1,\"reportType\":1},\"sortColumn\":\"report_id\",\"sortMethod\":\"desc\",\"totalCount\":0,\"totalPage\":0},\"msg\":\"操作成功！\"}', '0:0:0:0:0:0:0:1', '2020-03-25 18:48:53', NULL);
INSERT INTO `cl_log` VALUES (294, '/report/getByUserId', '[Page(currentPage=1, pageSize=2, totalPage=0, totalCount=0, index=0, list=null, params={userId=1, reportType=1}, sortColumn=report_id, sortMethod=desc)]', 1, NULL, 'POST', 134, '{\"code\":200,\"data\":{\"currentPage\":1,\"index\":0,\"list\":[{\"createdTime\":1585045400000,\"difficulty\":\"test\",\"experience\":\"test\",\"isChecked\":0,\"isDeleted\":0,\"isEnabled\":0,\"plan\":\"test\",\"reportId\":2,\"reportType\":1,\"solution\":\"test\",\"updatedTime\":1585045400000,\"workContent\":\"test\"},{\"createdTime\":1585046079000,\"difficulty\":\"test\",\"experience\":\"test\",\"isChecked\":0,\"isDeleted\":0,\"isEnabled\":0,\"plan\":\"test\",\"reportId\":3,\"reportType\":1,\"solution\":\"test\",\"updatedTime\":1585046079000,\"workContent\":\"test\"}],\"pageSize\":2,\"params\":{\"userId\":1,\"reportType\":1},\"sortColumn\":\"report_id\",\"sortMethod\":\"desc\",\"totalCount\":0,\"totalPage\":0},\"msg\":\"操作成功！\"}', '0:0:0:0:0:0:0:1', '2020-03-25 18:49:51', NULL);
INSERT INTO `cl_log` VALUES (295, '/report/getByUserId', '[Page(currentPage=1, pageSize=2, totalPage=0, totalCount=0, index=0, list=null, params={userId=1, reportType=1}, sortColumn=report_id, sortMethod=asc)]', 1, NULL, 'POST', 81, '{\"code\":200,\"data\":{\"currentPage\":1,\"index\":0,\"list\":[{\"createdTime\":1585045400000,\"difficulty\":\"test\",\"experience\":\"test\",\"isChecked\":0,\"isDeleted\":0,\"isEnabled\":0,\"plan\":\"test\",\"reportId\":2,\"reportType\":1,\"solution\":\"test\",\"updatedTime\":1585045400000,\"workContent\":\"test\"},{\"createdTime\":1585046079000,\"difficulty\":\"test\",\"experience\":\"test\",\"isChecked\":0,\"isDeleted\":0,\"isEnabled\":0,\"plan\":\"test\",\"reportId\":3,\"reportType\":1,\"solution\":\"test\",\"updatedTime\":1585046079000,\"workContent\":\"test\"}],\"pageSize\":2,\"params\":{\"userId\":1,\"reportType\":1},\"sortColumn\":\"report_id\",\"sortMethod\":\"asc\",\"totalCount\":0,\"totalPage\":0},\"msg\":\"操作成功！\"}', '0:0:0:0:0:0:0:1', '2020-03-25 18:50:17', NULL);
INSERT INTO `cl_log` VALUES (296, '/report/getByUserId', '[Page(currentPage=1, pageSize=1, totalPage=0, totalCount=0, index=0, list=null, params={userId=1, reportType=1}, sortColumn=report_id, sortMethod=asc)]', 1, NULL, 'POST', 78, '{\"code\":200,\"data\":{\"currentPage\":1,\"index\":0,\"list\":[{\"createdTime\":1585045400000,\"difficulty\":\"test\",\"experience\":\"test\",\"isChecked\":0,\"isDeleted\":0,\"isEnabled\":0,\"plan\":\"test\",\"reportId\":2,\"reportType\":1,\"solution\":\"test\",\"updatedTime\":1585045400000,\"workContent\":\"test\"},{\"createdTime\":1585046079000,\"difficulty\":\"test\",\"experience\":\"test\",\"isChecked\":0,\"isDeleted\":0,\"isEnabled\":0,\"plan\":\"test\",\"reportId\":3,\"reportType\":1,\"solution\":\"test\",\"updatedTime\":1585046079000,\"workContent\":\"test\"}],\"pageSize\":1,\"params\":{\"userId\":1,\"reportType\":1},\"sortColumn\":\"report_id\",\"sortMethod\":\"asc\",\"totalCount\":0,\"totalPage\":0},\"msg\":\"操作成功！\"}', '0:0:0:0:0:0:0:1', '2020-03-25 18:50:32', NULL);
INSERT INTO `cl_log` VALUES (297, '/report/getByUserId', '[Page(currentPage=1, pageSize=1, totalPage=0, totalCount=0, index=0, list=null, params={userId=1, reportType=1}, sortColumn=report_id, sortMethod=asc)]', 1, NULL, 'POST', 242, '{\"code\":200,\"data\":{\"currentPage\":1,\"index\":0,\"list\":[{\"createdTime\":1585045400000,\"difficulty\":\"test\",\"experience\":\"test\",\"isChecked\":0,\"isDeleted\":0,\"isEnabled\":0,\"plan\":\"test\",\"reportId\":2,\"reportType\":1,\"solution\":\"test\",\"updatedTime\":1585045400000,\"workContent\":\"test\"},{\"createdTime\":1585046079000,\"difficulty\":\"test\",\"experience\":\"test\",\"isChecked\":0,\"isDeleted\":0,\"isEnabled\":0,\"plan\":\"test\",\"reportId\":3,\"reportType\":1,\"solution\":\"test\",\"updatedTime\":1585046079000,\"workContent\":\"test\"}],\"pageSize\":1,\"params\":{\"userId\":1,\"reportType\":1},\"sortColumn\":\"report_id\",\"sortMethod\":\"asc\",\"totalCount\":2,\"totalPage\":2},\"msg\":\"操作成功！\"}', '0:0:0:0:0:0:0:1', '2020-03-25 20:06:32', NULL);
INSERT INTO `cl_log` VALUES (298, '/report/getByUserId', '[Page(currentPage=1, pageSize=2, totalPage=0, totalCount=0, index=0, list=null, params={userId=1, reportType=1}, sortColumn=report_id, sortMethod=asc)]', 1, NULL, 'POST', 219, '{\"code\":200,\"data\":{\"currentPage\":1,\"index\":0,\"list\":[{\"createdTime\":1585045400000,\"difficulty\":\"test\",\"experience\":\"test\",\"isChecked\":0,\"isDeleted\":0,\"isEnabled\":0,\"plan\":\"test\",\"reportId\":2,\"reportType\":1,\"solution\":\"test\",\"updatedTime\":1585045400000,\"workContent\":\"test\"},{\"createdTime\":1585046079000,\"difficulty\":\"test\",\"experience\":\"test\",\"isChecked\":0,\"isDeleted\":0,\"isEnabled\":0,\"plan\":\"test\",\"reportId\":3,\"reportType\":1,\"solution\":\"test\",\"updatedTime\":1585046079000,\"workContent\":\"test\"}],\"pageSize\":2,\"params\":{\"userId\":1,\"reportType\":1},\"sortColumn\":\"report_id\",\"sortMethod\":\"asc\",\"totalCount\":2,\"totalPage\":1},\"msg\":\"操作成功！\"}', '0:0:0:0:0:0:0:1', '2020-03-25 20:07:06', NULL);
INSERT INTO `cl_log` VALUES (299, '/report/getByUserId', '[Page(currentPage=1, pageSize=1, totalPage=0, totalCount=0, index=0, list=null, params={userId=1, reportType=1}, sortColumn=report_id, sortMethod=asc)]', 1, NULL, 'POST', 185, '{\"code\":200,\"data\":{\"currentPage\":1,\"index\":0,\"list\":[{\"createdTime\":1585045400000,\"difficulty\":\"test\",\"experience\":\"test\",\"isChecked\":0,\"isDeleted\":0,\"isEnabled\":0,\"plan\":\"test\",\"reportId\":2,\"reportType\":1,\"solution\":\"test\",\"updatedTime\":1585045400000,\"workContent\":\"test\"},{\"createdTime\":1585046079000,\"difficulty\":\"test\",\"experience\":\"test\",\"isChecked\":0,\"isDeleted\":0,\"isEnabled\":0,\"plan\":\"test\",\"reportId\":3,\"reportType\":1,\"solution\":\"test\",\"updatedTime\":1585046079000,\"workContent\":\"test\"}],\"pageSize\":1,\"params\":{\"userId\":1,\"reportType\":1},\"sortColumn\":\"report_id\",\"sortMethod\":\"asc\",\"totalCount\":2,\"totalPage\":2},\"msg\":\"操作成功！\"}', '0:0:0:0:0:0:0:1', '2020-03-25 20:08:01', NULL);
INSERT INTO `cl_log` VALUES (300, '/report/getByUserId', '[Page(currentPage=1, pageSize=1, totalPage=0, totalCount=0, index=0, list=null, params={userId=1, reportType=1}, sortColumn=reportId, sortMethod=asc)]', 1, NULL, 'POST', 4, '{\"code\":401,\"msg\":\"参数错误！\"}', '0:0:0:0:0:0:0:1', '2020-03-25 20:08:45', NULL);
INSERT INTO `cl_log` VALUES (301, '/report/getByUserId', '[Page(currentPage=1, pageSize=1, totalPage=0, totalCount=0, index=0, list=null, params={userId=1, reportType=1}, sortColumn=reportId, sortMethod=asc)]', 1, NULL, 'POST', 20, '{\"code\":401,\"msg\":\"参数错误！\"}', '0:0:0:0:0:0:0:1', '2020-03-25 20:09:45', NULL);
INSERT INTO `cl_log` VALUES (302, '/report/getByUserId', '[Page(currentPage=1, pageSize=1, totalPage=0, totalCount=0, index=0, list=null, params={userId=1, reportType=1}, sortColumn=createdTime, sortMethod=asc)]', 1, NULL, 'POST', 23, '{\"code\":401,\"msg\":\"参数错误！\"}', '0:0:0:0:0:0:0:1', '2020-03-25 20:10:59', NULL);
INSERT INTO `cl_log` VALUES (303, '/report/getByUserId', '[Page(currentPage=1, pageSize=1, totalPage=0, totalCount=0, index=0, list=null, params={userId=1, reportType=1}, sortColumn=created_time, sortMethod=asc)]', 1, NULL, 'POST', 357, '{\"code\":200,\"data\":{\"currentPage\":1,\"index\":0,\"list\":[{\"createdTime\":1585045400000,\"difficulty\":\"test\",\"experience\":\"test\",\"isChecked\":0,\"isDeleted\":0,\"isEnabled\":0,\"plan\":\"test\",\"reportId\":2,\"reportType\":1,\"solution\":\"test\",\"updatedTime\":1585045400000,\"workContent\":\"test\"},{\"createdTime\":1585046079000,\"difficulty\":\"test\",\"experience\":\"test\",\"isChecked\":0,\"isDeleted\":0,\"isEnabled\":0,\"plan\":\"test\",\"reportId\":3,\"reportType\":1,\"solution\":\"test\",\"updatedTime\":1585046079000,\"workContent\":\"test\"}],\"pageSize\":1,\"params\":{\"userId\":1,\"reportType\":1},\"sortColumn\":\"created_time\",\"sortMethod\":\"asc\",\"totalCount\":2,\"totalPage\":2},\"msg\":\"操作成功！\"}', '0:0:0:0:0:0:0:1', '2020-03-25 20:13:22', NULL);
INSERT INTO `cl_log` VALUES (304, '/report/getByUserId', '[Page(currentPage=2, pageSize=1, totalPage=0, totalCount=0, index=1, list=null, params={userId=1, reportType=1}, sortColumn=created_time, sortMethod=asc)]', 1, NULL, 'POST', 305, '{\"code\":200,\"data\":{\"currentPage\":2,\"index\":1,\"list\":[{\"createdTime\":1585045400000,\"difficulty\":\"test\",\"experience\":\"test\",\"isChecked\":0,\"isDeleted\":0,\"isEnabled\":0,\"plan\":\"test\",\"reportId\":2,\"reportType\":1,\"solution\":\"test\",\"updatedTime\":1585045400000,\"workContent\":\"test\"},{\"createdTime\":1585046079000,\"difficulty\":\"test\",\"experience\":\"test\",\"isChecked\":0,\"isDeleted\":0,\"isEnabled\":0,\"plan\":\"test\",\"reportId\":3,\"reportType\":1,\"solution\":\"test\",\"updatedTime\":1585046079000,\"workContent\":\"test\"}],\"pageSize\":1,\"params\":{\"userId\":1,\"reportType\":1},\"sortColumn\":\"created_time\",\"sortMethod\":\"asc\",\"totalCount\":2,\"totalPage\":2},\"msg\":\"操作成功！\"}', '0:0:0:0:0:0:0:1', '2020-03-25 20:13:59', NULL);
INSERT INTO `cl_log` VALUES (305, '/report/getByUserId', '[Page(currentPage=2, pageSize=2, totalPage=0, totalCount=0, index=2, list=null, params={userId=1, reportType=1}, sortColumn=created_time, sortMethod=asc)]', 1, NULL, 'POST', 306, '{\"code\":200,\"data\":{\"currentPage\":2,\"index\":2,\"list\":[{\"createdTime\":1585045400000,\"difficulty\":\"test\",\"experience\":\"test\",\"isChecked\":0,\"isDeleted\":0,\"isEnabled\":0,\"plan\":\"test\",\"reportId\":2,\"reportType\":1,\"solution\":\"test\",\"updatedTime\":1585045400000,\"workContent\":\"test\"},{\"createdTime\":1585046079000,\"difficulty\":\"test\",\"experience\":\"test\",\"isChecked\":0,\"isDeleted\":0,\"isEnabled\":0,\"plan\":\"test\",\"reportId\":3,\"reportType\":1,\"solution\":\"test\",\"updatedTime\":1585046079000,\"workContent\":\"test\"}],\"pageSize\":2,\"params\":{\"userId\":1,\"reportType\":1},\"sortColumn\":\"created_time\",\"sortMethod\":\"asc\",\"totalCount\":2,\"totalPage\":1},\"msg\":\"操作成功！\"}', '0:0:0:0:0:0:0:1', '2020-03-25 20:14:09', NULL);
INSERT INTO `cl_log` VALUES (306, '/report/getByUserId', '[Page(currentPage=2, pageSize=2, totalPage=0, totalCount=0, index=2, list=null, params={userId=1, reportType=1}, sortColumn=null, sortMethod=asc)]', 1, NULL, 'POST', 472, '{\"code\":200,\"data\":{\"currentPage\":2,\"index\":2,\"list\":[],\"pageSize\":2,\"params\":{\"userId\":1,\"reportType\":1},\"sortMethod\":\"asc\",\"totalCount\":1,\"totalPage\":1},\"msg\":\"操作成功！\"}', '0:0:0:0:0:0:0:1', '2020-03-25 20:22:50', NULL);
INSERT INTO `cl_log` VALUES (307, '/report/getByUserId', '[Page(currentPage=1, pageSize=2, totalPage=0, totalCount=0, index=0, list=null, params={userId=1, reportType=1}, sortColumn=null, sortMethod=asc)]', 1, NULL, 'POST', 313, '{\"code\":200,\"data\":{\"currentPage\":1,\"index\":0,\"list\":[{\"createdTime\":1585045400000,\"difficulty\":\"test\",\"experience\":\"test\",\"isChecked\":0,\"isDeleted\":0,\"isEnabled\":0,\"plan\":\"test\",\"reportId\":2,\"reportType\":1,\"solution\":\"test\",\"updatedTime\":1585045400000,\"workContent\":\"test\"},{\"createdTime\":1585046079000,\"difficulty\":\"test\",\"experience\":\"test\",\"isChecked\":0,\"isDeleted\":0,\"isEnabled\":0,\"plan\":\"test\",\"reportId\":3,\"reportType\":1,\"solution\":\"test\",\"updatedTime\":1585046079000,\"workContent\":\"test\"}],\"pageSize\":2,\"params\":{\"userId\":1,\"reportType\":1},\"sortMethod\":\"asc\",\"totalCount\":1,\"totalPage\":1},\"msg\":\"操作成功！\"}', '0:0:0:0:0:0:0:1', '2020-03-25 20:23:06', NULL);
INSERT INTO `cl_log` VALUES (308, '/report/getByUserId', '[Page(currentPage=1, pageSize=1, totalPage=0, totalCount=0, index=0, list=null, params={userId=1, reportType=1}, sortColumn=null, sortMethod=asc)]', 1, NULL, 'POST', 237, '{\"code\":200,\"data\":{\"currentPage\":1,\"index\":0,\"list\":[{\"createdTime\":1585045400000,\"difficulty\":\"test\",\"experience\":\"test\",\"isChecked\":0,\"isDeleted\":0,\"isEnabled\":0,\"plan\":\"test\",\"reportId\":2,\"reportType\":1,\"solution\":\"test\",\"updatedTime\":1585045400000,\"workContent\":\"test\"}],\"pageSize\":1,\"params\":{\"userId\":1,\"reportType\":1},\"sortMethod\":\"asc\",\"totalCount\":2,\"totalPage\":2},\"msg\":\"操作成功！\"}', '0:0:0:0:0:0:0:1', '2020-03-25 20:24:20', NULL);
INSERT INTO `cl_log` VALUES (309, '/report/getByUserId', '[Page(currentPage=1, pageSize=1, totalPage=0, totalCount=0, index=0, list=null, params={userId=1, reportType=1}, sortColumn=null, sortMethod=asc)]', 1, NULL, 'POST', 218, '{\"code\":200,\"data\":{\"currentPage\":1,\"index\":0,\"list\":[{\"createdTime\":1585045400000,\"difficulty\":\"test\",\"experience\":\"test\",\"isChecked\":0,\"isDeleted\":0,\"isEnabled\":0,\"plan\":\"test\",\"reportId\":2,\"reportType\":1,\"solution\":\"test\",\"updatedTime\":1585045400000,\"workContent\":\"test\"},{\"createdTime\":1585046079000,\"difficulty\":\"test\",\"experience\":\"test\",\"isChecked\":0,\"isDeleted\":0,\"isEnabled\":0,\"plan\":\"test\",\"reportId\":3,\"reportType\":1,\"solution\":\"test\",\"updatedTime\":1585046079000,\"workContent\":\"test\"}],\"pageSize\":1,\"params\":{\"userId\":1,\"reportType\":1},\"sortMethod\":\"asc\",\"totalCount\":2,\"totalPage\":2},\"msg\":\"操作成功！\"}', '0:0:0:0:0:0:0:1', '2020-03-25 20:46:33', NULL);
INSERT INTO `cl_log` VALUES (310, '/report/getByUserId', '[Page(currentPage=1, pageSize=1, totalPage=0, totalCount=0, index=0, list=null, params={userId=1, reportType=1}, sortColumn=null, sortMethod=asc)]', 1, NULL, 'POST', 219, '{\"code\":200,\"data\":{\"currentPage\":1,\"index\":0,\"list\":[{\"createdTime\":1585045400000,\"difficulty\":\"test\",\"experience\":\"test\",\"isChecked\":0,\"isDeleted\":0,\"isEnabled\":0,\"plan\":\"test\",\"reportId\":2,\"reportType\":1,\"solution\":\"test\",\"updatedTime\":1585045400000,\"workContent\":\"test\"},{\"createdTime\":1585046079000,\"difficulty\":\"test\",\"experience\":\"test\",\"isChecked\":0,\"isDeleted\":0,\"isEnabled\":0,\"plan\":\"test\",\"reportId\":3,\"reportType\":1,\"solution\":\"test\",\"updatedTime\":1585046079000,\"workContent\":\"test\"}],\"pageSize\":1,\"params\":{\"userId\":1,\"reportType\":1},\"sortMethod\":\"asc\",\"totalCount\":2,\"totalPage\":2},\"msg\":\"操作成功！\"}', '0:0:0:0:0:0:0:1', '2020-03-25 20:48:06', NULL);
INSERT INTO `cl_log` VALUES (311, '/report/getByUserId', '[Page(currentPage=1, pageSize=1, totalPage=0, totalCount=0, index=0, list=null, params={userId=1, reportType=1}, sortColumn=null, sortMethod=asc)]', 1, NULL, 'POST', 219, '{\"code\":200,\"data\":{\"currentPage\":1,\"index\":0,\"list\":[],\"pageSize\":1,\"params\":{\"userId\":1,\"reportType\":1},\"sortMethod\":\"asc\",\"totalCount\":2,\"totalPage\":2},\"msg\":\"操作成功！\"}', '0:0:0:0:0:0:0:1', '2020-03-25 20:50:39', NULL);
INSERT INTO `cl_log` VALUES (312, '/report/getByUserId', '[Page(currentPage=2, pageSize=1, totalPage=0, totalCount=0, index=1, list=null, params={userId=1, reportType=1}, sortColumn=null, sortMethod=asc)]', 0, 'java.lang.IllegalArgumentException: fromIndex(2) > toIndex(1)\n	at com.hnxx.zy.clms.common.utils.Page.pagingDate(Page.java:119)\n	at com.hnxx.zy.clms.controller.ReportController.getByUserId(ReportController.java:77)\n	at com.hnxx.zy.clms.controller.ReportController$$FastClassBySpringCGLIB$$c73691b7.invoke(<generated>)\n	at com.hnxx.zy.clms.common.aspect.RequestAspect.doAround(RequestAspect.java:78)\n	at com.hnxx.zy.clms.controller.ReportController$$EnhancerBySpringCGLIB$$db3401b5.getByUserId(<generated>)\n	at com.hnxx.zy.clms.security.jwt.JwtAuthTokenFilter.doFilterInternal(JwtAuthTokenFilter.java:59)\n', 'POST', 0, NULL, '0:0:0:0:0:0:0:1', '2020-03-25 20:53:36', NULL);
INSERT INTO `cl_log` VALUES (313, '/error', '[SecurityContextHolderAwareRequestWrapper[ FirewalledRequest[ org.apache.catalina.core.ApplicationHttpRequest@356e2400]]]', 1, 'java.lang.IllegalArgumentException: fromIndex(2) > toIndex(1)\n	at com.hnxx.zy.clms.common.utils.Page.pagingDate(Page.java:119)\n	at com.hnxx.zy.clms.controller.ReportController.getByUserId(ReportController.java:77)\n	at com.hnxx.zy.clms.controller.ReportController$$FastClassBySpringCGLIB$$c73691b7.invoke(<generated>)\n	at com.hnxx.zy.clms.common.aspect.RequestAspect.doAround(RequestAspect.java:78)\n	at com.hnxx.zy.clms.controller.ReportController$$EnhancerBySpringCGLIB$$db3401b5.getByUserId(<generated>)\n	at com.hnxx.zy.clms.security.jwt.JwtAuthTokenFilter.doFilterInternal(JwtAuthTokenFilter.java:59)\n', 'POST', 13, '{\"code\":500,\"msg\":\"服务器故障\"}', '0:0:0:0:0:0:0:1', '2020-03-25 20:53:36', NULL);
INSERT INTO `cl_log` VALUES (314, '/report/getByUserId', '[Page(currentPage=2, pageSize=1, totalPage=0, totalCount=0, index=1, list=null, params={userId=1, reportType=1}, sortColumn=null, sortMethod=asc)]', 0, 'java.lang.IllegalArgumentException: fromIndex(1) > toIndex(0)\n	at com.hnxx.zy.clms.common.utils.Page.pagingDate(Page.java:119)\n	at com.hnxx.zy.clms.controller.ReportController.getByUserId(ReportController.java:75)\n	at com.hnxx.zy.clms.controller.ReportController$$FastClassBySpringCGLIB$$c73691b7.invoke(<generated>)\n	at com.hnxx.zy.clms.common.aspect.RequestAspect.doAround(RequestAspect.java:78)\n	at com.hnxx.zy.clms.controller.ReportController$$EnhancerBySpringCGLIB$$5e3bc03.getByUserId(<generated>)\n	at com.hnxx.zy.clms.security.jwt.JwtAuthTokenFilter.doFilterInternal(JwtAuthTokenFilter.java:59)\n', 'POST', 0, NULL, '0:0:0:0:0:0:0:1', '2020-03-25 20:55:11', NULL);
INSERT INTO `cl_log` VALUES (315, '/error', '[SecurityContextHolderAwareRequestWrapper[ FirewalledRequest[ org.apache.catalina.core.ApplicationHttpRequest@3cb4e0c2]]]', 1, 'java.lang.IllegalArgumentException: fromIndex(1) > toIndex(0)\n	at com.hnxx.zy.clms.common.utils.Page.pagingDate(Page.java:119)\n	at com.hnxx.zy.clms.controller.ReportController.getByUserId(ReportController.java:75)\n	at com.hnxx.zy.clms.controller.ReportController$$FastClassBySpringCGLIB$$c73691b7.invoke(<generated>)\n	at com.hnxx.zy.clms.common.aspect.RequestAspect.doAround(RequestAspect.java:78)\n	at com.hnxx.zy.clms.controller.ReportController$$EnhancerBySpringCGLIB$$5e3bc03.getByUserId(<generated>)\n	at com.hnxx.zy.clms.security.jwt.JwtAuthTokenFilter.doFilterInternal(JwtAuthTokenFilter.java:59)\n', 'POST', 8, '{\"code\":500,\"msg\":\"服务器故障\"}', '0:0:0:0:0:0:0:1', '2020-03-25 20:55:11', NULL);
INSERT INTO `cl_log` VALUES (316, '/report/getByUserId', '[Page(currentPage=1, pageSize=1, totalPage=0, totalCount=0, index=0, list=null, params={userId=1, reportType=1}, sortColumn=null, sortMethod=asc)]', 1, NULL, 'POST', 276, '{\"code\":200,\"data\":{\"currentPage\":1,\"index\":0,\"list\":[],\"pageSize\":1,\"params\":{\"userId\":1,\"reportType\":1},\"sortMethod\":\"asc\",\"totalCount\":2,\"totalPage\":2},\"msg\":\"操作成功！\"}', '0:0:0:0:0:0:0:1', '2020-03-25 20:55:19', NULL);
INSERT INTO `cl_log` VALUES (317, '/report/getByUserId', '[Page(currentPage=1, pageSize=1, totalPage=0, totalCount=0, index=0, list=null, params={userId=1, reportType=1}, sortColumn=null, sortMethod=asc)]', 1, NULL, 'POST', 218, '{\"code\":200,\"data\":{\"currentPage\":1,\"index\":0,\"list\":[{\"createdTime\":1585046079000,\"difficulty\":\"test\",\"experience\":\"test\",\"isChecked\":0,\"isDeleted\":0,\"isEnabled\":0,\"plan\":\"test\",\"reportId\":3,\"reportType\":1,\"solution\":\"test\",\"updatedTime\":1585046079000,\"workContent\":\"test\"}],\"pageSize\":1,\"params\":{\"userId\":1,\"reportType\":1},\"sortMethod\":\"asc\",\"totalCount\":2,\"totalPage\":2},\"msg\":\"操作成功！\"}', '0:0:0:0:0:0:0:1', '2020-03-25 20:56:37', NULL);
INSERT INTO `cl_log` VALUES (318, '/report/getByUserId', '[Page(currentPage=1, pageSize=1, totalPage=0, totalCount=0, index=0, list=null, params={userId=1, reportType=1}, sortColumn=null, sortMethod=asc)]', 1, NULL, 'POST', 189, '{\"code\":200,\"data\":{\"currentPage\":1,\"index\":0,\"list\":[{\"createdTime\":1585046079000,\"difficulty\":\"test\",\"experience\":\"test\",\"isChecked\":0,\"isDeleted\":0,\"isEnabled\":0,\"plan\":\"test\",\"reportId\":3,\"reportType\":1,\"solution\":\"test\",\"updatedTime\":1585046079000,\"workContent\":\"test\"}],\"pageSize\":1,\"params\":{\"userId\":1,\"reportType\":1},\"sortMethod\":\"asc\",\"totalCount\":2,\"totalPage\":2},\"msg\":\"操作成功！\"}', '0:0:0:0:0:0:0:1', '2020-03-25 20:56:52', NULL);
INSERT INTO `cl_log` VALUES (319, '/report/getByUserId', '[Page(currentPage=2, pageSize=1, totalPage=0, totalCount=0, index=1, list=null, params={userId=1, reportType=1}, sortColumn=null, sortMethod=asc)]', 0, 'java.lang.IndexOutOfBoundsException: toIndex = 3\n	at com.hnxx.zy.clms.common.utils.Page.pagingDate(Page.java:119)\n	at com.hnxx.zy.clms.controller.ReportController.getByUserId(ReportController.java:75)\n	at com.hnxx.zy.clms.controller.ReportController$$FastClassBySpringCGLIB$$c73691b7.invoke(<generated>)\n	at com.hnxx.zy.clms.common.aspect.RequestAspect.doAround(RequestAspect.java:78)\n	at com.hnxx.zy.clms.controller.ReportController$$EnhancerBySpringCGLIB$$d4c8d7b8.getByUserId(<generated>)\n	at com.hnxx.zy.clms.security.jwt.JwtAuthTokenFilter.doFilterInternal(JwtAuthTokenFilter.java:59)\n', 'POST', 0, NULL, '0:0:0:0:0:0:0:1', '2020-03-25 20:57:01', NULL);
INSERT INTO `cl_log` VALUES (320, '/error', '[SecurityContextHolderAwareRequestWrapper[ FirewalledRequest[ org.apache.catalina.core.ApplicationHttpRequest@632ed9a6]]]', 1, 'java.lang.IndexOutOfBoundsException: toIndex = 3\n	at com.hnxx.zy.clms.common.utils.Page.pagingDate(Page.java:119)\n	at com.hnxx.zy.clms.controller.ReportController.getByUserId(ReportController.java:75)\n	at com.hnxx.zy.clms.controller.ReportController$$FastClassBySpringCGLIB$$c73691b7.invoke(<generated>)\n	at com.hnxx.zy.clms.common.aspect.RequestAspect.doAround(RequestAspect.java:78)\n	at com.hnxx.zy.clms.controller.ReportController$$EnhancerBySpringCGLIB$$d4c8d7b8.getByUserId(<generated>)\n	at com.hnxx.zy.clms.security.jwt.JwtAuthTokenFilter.doFilterInternal(JwtAuthTokenFilter.java:59)\n', 'POST', 7, '{\"code\":500,\"msg\":\"服务器故障\"}', '0:0:0:0:0:0:0:1', '2020-03-25 20:57:02', NULL);
INSERT INTO `cl_log` VALUES (321, '/report/getByUserId', '[Page(currentPage=2, pageSize=1, totalPage=0, totalCount=0, index=1, list=null, params={userId=1, reportType=1}, sortColumn=null, sortMethod=asc)]', 1, NULL, 'POST', 225, '{\"code\":200,\"data\":{\"currentPage\":2,\"index\":1,\"list\":[{\"createdTime\":1585046079000,\"difficulty\":\"test\",\"experience\":\"test\",\"isChecked\":0,\"isDeleted\":0,\"isEnabled\":0,\"plan\":\"test\",\"reportId\":3,\"reportType\":1,\"solution\":\"test\",\"updatedTime\":1585046079000,\"workContent\":\"test\"}],\"pageSize\":1,\"params\":{\"userId\":1,\"reportType\":1},\"sortMethod\":\"asc\",\"totalCount\":2,\"totalPage\":2},\"msg\":\"操作成功！\"}', '0:0:0:0:0:0:0:1', '2020-03-25 20:57:39', NULL);
INSERT INTO `cl_log` VALUES (322, '/report/getByUserId', '[Page(currentPage=1, pageSize=1, totalPage=0, totalCount=0, index=0, list=null, params={userId=1, reportType=1}, sortColumn=null, sortMethod=asc)]', 1, NULL, 'POST', 196, '{\"code\":200,\"data\":{\"currentPage\":1,\"index\":0,\"list\":[{\"createdTime\":1585045400000,\"difficulty\":\"test\",\"experience\":\"test\",\"isChecked\":0,\"isDeleted\":0,\"isEnabled\":0,\"plan\":\"test\",\"reportId\":2,\"reportType\":1,\"solution\":\"test\",\"updatedTime\":1585045400000,\"workContent\":\"test\"}],\"pageSize\":1,\"params\":{\"userId\":1,\"reportType\":1},\"sortMethod\":\"asc\",\"totalCount\":2,\"totalPage\":2},\"msg\":\"操作成功！\"}', '0:0:0:0:0:0:0:1', '2020-03-25 20:57:47', NULL);
INSERT INTO `cl_log` VALUES (323, '/report/getByUserId', '[Page(currentPage=1, pageSize=2, totalPage=0, totalCount=0, index=0, list=null, params={userId=1, reportType=1}, sortColumn=null, sortMethod=asc)]', 0, 'java.lang.IndexOutOfBoundsException: toIndex = 3\n	at com.hnxx.zy.clms.common.utils.Page.pagingDate(Page.java:119)\n	at com.hnxx.zy.clms.controller.ReportController.getByUserId(ReportController.java:75)\n	at com.hnxx.zy.clms.controller.ReportController$$FastClassBySpringCGLIB$$c73691b7.invoke(<generated>)\n	at com.hnxx.zy.clms.common.aspect.RequestAspect.doAround(RequestAspect.java:78)\n	at com.hnxx.zy.clms.controller.ReportController$$EnhancerBySpringCGLIB$$8f5898bf.getByUserId(<generated>)\n	at com.hnxx.zy.clms.security.jwt.JwtAuthTokenFilter.doFilterInternal(JwtAuthTokenFilter.java:59)\n', 'POST', 0, NULL, '0:0:0:0:0:0:0:1', '2020-03-25 20:57:53', NULL);
INSERT INTO `cl_log` VALUES (324, '/error', '[SecurityContextHolderAwareRequestWrapper[ FirewalledRequest[ org.apache.catalina.core.ApplicationHttpRequest@31fd9a2c]]]', 1, 'java.lang.IndexOutOfBoundsException: toIndex = 3\n	at com.hnxx.zy.clms.common.utils.Page.pagingDate(Page.java:119)\n	at com.hnxx.zy.clms.controller.ReportController.getByUserId(ReportController.java:75)\n	at com.hnxx.zy.clms.controller.ReportController$$FastClassBySpringCGLIB$$c73691b7.invoke(<generated>)\n	at com.hnxx.zy.clms.common.aspect.RequestAspect.doAround(RequestAspect.java:78)\n	at com.hnxx.zy.clms.controller.ReportController$$EnhancerBySpringCGLIB$$8f5898bf.getByUserId(<generated>)\n	at com.hnxx.zy.clms.security.jwt.JwtAuthTokenFilter.doFilterInternal(JwtAuthTokenFilter.java:59)\n', 'POST', 8, '{\"code\":500,\"msg\":\"服务器故障\"}', '0:0:0:0:0:0:0:1', '2020-03-25 20:57:53', NULL);
INSERT INTO `cl_log` VALUES (325, '/report/getByUserId', '[Page(currentPage=1, pageSize=2, totalPage=0, totalCount=0, index=0, list=null, params={userId=1, reportType=1}, sortColumn=null, sortMethod=asc)]', 0, 'java.lang.IndexOutOfBoundsException: toIndex = 3\n	at com.hnxx.zy.clms.common.utils.Page.pagingDate(Page.java:119)\n	at com.hnxx.zy.clms.controller.ReportController.getByUserId(ReportController.java:75)\n	at com.hnxx.zy.clms.controller.ReportController$$FastClassBySpringCGLIB$$c73691b7.invoke(<generated>)\n	at com.hnxx.zy.clms.common.aspect.RequestAspect.doAround(RequestAspect.java:78)\n	at com.hnxx.zy.clms.controller.ReportController$$EnhancerBySpringCGLIB$$8f5898bf.getByUserId(<generated>)\n	at com.hnxx.zy.clms.security.jwt.JwtAuthTokenFilter.doFilterInternal(JwtAuthTokenFilter.java:59)\n', 'POST', 0, NULL, '0:0:0:0:0:0:0:1', '2020-03-25 20:58:02', NULL);
INSERT INTO `cl_log` VALUES (326, '/error', '[SecurityContextHolderAwareRequestWrapper[ FirewalledRequest[ org.apache.catalina.core.ApplicationHttpRequest@3a20e887]]]', 1, 'java.lang.IndexOutOfBoundsException: toIndex = 3\n	at com.hnxx.zy.clms.common.utils.Page.pagingDate(Page.java:119)\n	at com.hnxx.zy.clms.controller.ReportController.getByUserId(ReportController.java:75)\n	at com.hnxx.zy.clms.controller.ReportController$$FastClassBySpringCGLIB$$c73691b7.invoke(<generated>)\n	at com.hnxx.zy.clms.common.aspect.RequestAspect.doAround(RequestAspect.java:78)\n	at com.hnxx.zy.clms.controller.ReportController$$EnhancerBySpringCGLIB$$8f5898bf.getByUserId(<generated>)\n	at com.hnxx.zy.clms.security.jwt.JwtAuthTokenFilter.doFilterInternal(JwtAuthTokenFilter.java:59)\n', 'POST', 3, '{\"code\":500,\"msg\":\"服务器故障\"}', '0:0:0:0:0:0:0:1', '2020-03-25 20:58:02', NULL);
INSERT INTO `cl_log` VALUES (327, '/report/getByUserId', '[Page(currentPage=1, pageSize=2, totalPage=0, totalCount=0, index=0, list=null, params={userId=1, reportType=1}, sortColumn=null, sortMethod=asc)]', 1, NULL, 'POST', 204, '{\"code\":200,\"data\":{\"currentPage\":1,\"index\":0,\"list\":[{\"createdTime\":1585046079000,\"difficulty\":\"test\",\"experience\":\"test\",\"isChecked\":0,\"isDeleted\":0,\"isEnabled\":0,\"plan\":\"test\",\"reportId\":3,\"reportType\":1,\"solution\":\"test\",\"updatedTime\":1585046079000,\"workContent\":\"test\"}],\"pageSize\":2,\"params\":{\"userId\":1,\"reportType\":1},\"sortMethod\":\"asc\",\"totalCount\":2,\"totalPage\":1},\"msg\":\"操作成功！\"}', '0:0:0:0:0:0:0:1', '2020-03-25 21:00:38', NULL);
INSERT INTO `cl_log` VALUES (328, '/report/getByUserId', '[Page(currentPage=1, pageSize=2, totalPage=0, totalCount=0, index=0, list=null, params={userId=1, reportType=1}, sortColumn=null, sortMethod=asc)]', 1, NULL, 'POST', 248, '{\"code\":200,\"data\":{\"currentPage\":1,\"index\":0,\"list\":[{\"createdTime\":1585046079000,\"difficulty\":\"test\",\"experience\":\"test\",\"isChecked\":0,\"isDeleted\":0,\"isEnabled\":0,\"plan\":\"test\",\"reportId\":3,\"reportType\":1,\"solution\":\"test\",\"updatedTime\":1585046079000,\"workContent\":\"test\"}],\"pageSize\":2,\"params\":{\"userId\":1,\"reportType\":1},\"sortMethod\":\"asc\",\"totalCount\":2,\"totalPage\":1},\"msg\":\"操作成功！\"}', '0:0:0:0:0:0:0:1', '2020-03-25 21:02:30', NULL);
INSERT INTO `cl_log` VALUES (329, '/report/getByUserId', '[Page(currentPage=1, pageSize=1, totalPage=0, totalCount=0, index=0, list=null, params={userId=1, reportType=1}, sortColumn=null, sortMethod=asc)]', 1, NULL, 'POST', 380, '{\"code\":200,\"data\":{\"currentPage\":1,\"index\":0,\"list\":[{\"createdTime\":1585045400000,\"difficulty\":\"test\",\"experience\":\"test\",\"isChecked\":0,\"isDeleted\":0,\"isEnabled\":0,\"plan\":\"test\",\"reportId\":2,\"reportType\":1,\"solution\":\"test\",\"updatedTime\":1585045400000,\"workContent\":\"test\"}],\"pageSize\":1,\"params\":{\"userId\":1,\"reportType\":1},\"sortMethod\":\"asc\",\"totalCount\":2,\"totalPage\":2},\"msg\":\"操作成功！\"}', '0:0:0:0:0:0:0:1', '2020-03-25 21:02:46', NULL);
INSERT INTO `cl_log` VALUES (330, '/report/getByUserId', '[Page(currentPage=2, pageSize=1, totalPage=0, totalCount=0, index=1, list=null, params={userId=1, reportType=1}, sortColumn=null, sortMethod=asc)]', 1, NULL, 'POST', 167, '{\"code\":200,\"data\":{\"currentPage\":2,\"index\":1,\"list\":[{\"createdTime\":1585045400000,\"difficulty\":\"test\",\"experience\":\"test\",\"isChecked\":0,\"isDeleted\":0,\"isEnabled\":0,\"plan\":\"test\",\"reportId\":2,\"reportType\":1,\"solution\":\"test\",\"updatedTime\":1585045400000,\"workContent\":\"test\"},{\"createdTime\":1585046079000,\"difficulty\":\"test\",\"experience\":\"test\",\"isChecked\":0,\"isDeleted\":0,\"isEnabled\":0,\"plan\":\"test\",\"reportId\":3,\"reportType\":1,\"solution\":\"test\",\"updatedTime\":1585046079000,\"workContent\":\"test\"}],\"pageSize\":1,\"params\":{\"userId\":1,\"reportType\":1},\"sortMethod\":\"asc\",\"totalCount\":2,\"totalPage\":2},\"msg\":\"操作成功！\"}', '0:0:0:0:0:0:0:1', '2020-03-25 21:02:51', NULL);
INSERT INTO `cl_log` VALUES (331, '/report/getByUserId', '[Page(currentPage=2, pageSize=1, totalPage=0, totalCount=0, index=1, list=null, params={userId=1, reportType=1}, sortColumn=null, sortMethod=asc)]', 0, 'java.lang.IndexOutOfBoundsException: fromIndex = -1\n	at com.hnxx.zy.clms.common.utils.Page.pagingDate(Page.java:120)\n	at com.hnxx.zy.clms.controller.ReportController.getByUserId(ReportController.java:75)\n	at com.hnxx.zy.clms.controller.ReportController$$FastClassBySpringCGLIB$$c73691b7.invoke(<generated>)\n	at com.hnxx.zy.clms.common.aspect.RequestAspect.doAround(RequestAspect.java:78)\n	at com.hnxx.zy.clms.controller.ReportController$$EnhancerBySpringCGLIB$$a3bc2115.getByUserId(<generated>)\n	at com.hnxx.zy.clms.security.jwt.JwtAuthTokenFilter.doFilterInternal(JwtAuthTokenFilter.java:59)\n', 'POST', 0, NULL, '0:0:0:0:0:0:0:1', '2020-03-25 21:04:34', NULL);
INSERT INTO `cl_log` VALUES (332, '/error', '[SecurityContextHolderAwareRequestWrapper[ FirewalledRequest[ org.apache.catalina.core.ApplicationHttpRequest@3860fe7b]]]', 1, 'java.lang.IndexOutOfBoundsException: fromIndex = -1\n	at com.hnxx.zy.clms.common.utils.Page.pagingDate(Page.java:120)\n	at com.hnxx.zy.clms.controller.ReportController.getByUserId(ReportController.java:75)\n	at com.hnxx.zy.clms.controller.ReportController$$FastClassBySpringCGLIB$$c73691b7.invoke(<generated>)\n	at com.hnxx.zy.clms.common.aspect.RequestAspect.doAround(RequestAspect.java:78)\n	at com.hnxx.zy.clms.controller.ReportController$$EnhancerBySpringCGLIB$$a3bc2115.getByUserId(<generated>)\n	at com.hnxx.zy.clms.security.jwt.JwtAuthTokenFilter.doFilterInternal(JwtAuthTokenFilter.java:59)\n', 'POST', 8, '{\"code\":500,\"msg\":\"服务器故障\"}', '0:0:0:0:0:0:0:1', '2020-03-25 21:04:34', NULL);
INSERT INTO `cl_log` VALUES (333, '/report/getByUserId', '[Page(currentPage=2, pageSize=1, totalPage=0, totalCount=0, index=1, list=null, params={userId=1, reportType=1}, sortColumn=null, sortMethod=asc)]', 1, NULL, 'POST', 367, '{\"code\":200,\"data\":{\"currentPage\":2,\"index\":1,\"list\":[{\"createdTime\":1585045400000,\"difficulty\":\"test\",\"experience\":\"test\",\"isChecked\":0,\"isDeleted\":0,\"isEnabled\":0,\"plan\":\"test\",\"reportId\":2,\"reportType\":1,\"solution\":\"test\",\"updatedTime\":1585045400000,\"workContent\":\"test\"},{\"createdTime\":1585046079000,\"difficulty\":\"test\",\"experience\":\"test\",\"isChecked\":0,\"isDeleted\":0,\"isEnabled\":0,\"plan\":\"test\",\"reportId\":3,\"reportType\":1,\"solution\":\"test\",\"updatedTime\":1585046079000,\"workContent\":\"test\"}],\"pageSize\":1,\"params\":{\"userId\":1,\"reportType\":1},\"sortMethod\":\"asc\",\"totalCount\":2,\"totalPage\":2},\"msg\":\"操作成功！\"}', '0:0:0:0:0:0:0:1', '2020-03-25 21:05:21', NULL);
INSERT INTO `cl_log` VALUES (334, '/report/getByUserId', '[Page(currentPage=1, pageSize=1, totalPage=0, totalCount=0, index=0, list=null, params={userId=1, reportType=1}, sortColumn=null, sortMethod=asc)]', 1, NULL, 'POST', 199, '{\"code\":200,\"data\":{\"currentPage\":1,\"index\":0,\"list\":[{\"createdTime\":1585045400000,\"difficulty\":\"test\",\"experience\":\"test\",\"isChecked\":0,\"isDeleted\":0,\"isEnabled\":0,\"plan\":\"test\",\"reportId\":2,\"reportType\":1,\"solution\":\"test\",\"updatedTime\":1585045400000,\"workContent\":\"test\"}],\"pageSize\":1,\"params\":{\"userId\":1,\"reportType\":1},\"sortMethod\":\"asc\",\"totalCount\":2,\"totalPage\":2},\"msg\":\"操作成功！\"}', '0:0:0:0:0:0:0:1', '2020-03-25 21:05:36', NULL);
INSERT INTO `cl_log` VALUES (335, '/report/getByUserId', '[Page(currentPage=1, pageSize=2, totalPage=0, totalCount=0, index=0, list=null, params={userId=1, reportType=1}, sortColumn=null, sortMethod=asc)]', 1, NULL, 'POST', 196, '{\"code\":200,\"data\":{\"currentPage\":1,\"index\":0,\"list\":[{\"createdTime\":1585046079000,\"difficulty\":\"test\",\"experience\":\"test\",\"isChecked\":0,\"isDeleted\":0,\"isEnabled\":0,\"plan\":\"test\",\"reportId\":3,\"reportType\":1,\"solution\":\"test\",\"updatedTime\":1585046079000,\"workContent\":\"test\"}],\"pageSize\":2,\"params\":{\"userId\":1,\"reportType\":1},\"sortMethod\":\"asc\",\"totalCount\":2,\"totalPage\":1},\"msg\":\"操作成功！\"}', '0:0:0:0:0:0:0:1', '2020-03-25 21:05:52', NULL);
INSERT INTO `cl_log` VALUES (336, '/report/getByUserId', '[Page(currentPage=1, pageSize=2, totalPage=0, totalCount=0, index=0, list=null, params={userId=1, reportType=1}, sortColumn=null, sortMethod=asc)]', 1, NULL, 'POST', 247, '{\"code\":200,\"data\":{\"currentPage\":1,\"index\":0,\"list\":[{\"createdTime\":1585045400000,\"difficulty\":\"test\",\"experience\":\"test\",\"isChecked\":0,\"isDeleted\":0,\"isEnabled\":0,\"plan\":\"test\",\"reportId\":2,\"reportType\":1,\"solution\":\"test\",\"updatedTime\":1585045400000,\"workContent\":\"test\"},{\"createdTime\":1585046079000,\"difficulty\":\"test\",\"experience\":\"test\",\"isChecked\":0,\"isDeleted\":0,\"isEnabled\":0,\"plan\":\"test\",\"reportId\":3,\"reportType\":1,\"solution\":\"test\",\"updatedTime\":1585046079000,\"workContent\":\"test\"}],\"pageSize\":2,\"params\":{\"userId\":1,\"reportType\":1},\"sortMethod\":\"asc\",\"totalCount\":2,\"totalPage\":1},\"msg\":\"操作成功！\"}', '0:0:0:0:0:0:0:1', '2020-03-25 21:10:34', NULL);
INSERT INTO `cl_log` VALUES (337, '/report/getByUserId', '[Page(currentPage=1, pageSize=1, totalPage=0, totalCount=0, index=0, list=null, params={userId=1, reportType=1}, sortColumn=null, sortMethod=asc)]', 1, NULL, 'POST', 249, '{\"code\":200,\"data\":{\"currentPage\":1,\"index\":0,\"list\":[{\"createdTime\":1585045400000,\"difficulty\":\"test\",\"experience\":\"test\",\"isChecked\":0,\"isDeleted\":0,\"isEnabled\":0,\"plan\":\"test\",\"reportId\":2,\"reportType\":1,\"solution\":\"test\",\"updatedTime\":1585045400000,\"workContent\":\"test\"}],\"pageSize\":1,\"params\":{\"userId\":1,\"reportType\":1},\"sortMethod\":\"asc\",\"totalCount\":2,\"totalPage\":2},\"msg\":\"操作成功！\"}', '0:0:0:0:0:0:0:1', '2020-03-25 21:10:44', NULL);
INSERT INTO `cl_log` VALUES (338, '/report/getByUserId', '[Page(currentPage=2, pageSize=1, totalPage=0, totalCount=0, index=1, list=null, params={userId=1, reportType=1}, sortColumn=null, sortMethod=asc)]', 1, NULL, 'POST', 255, '{\"code\":200,\"data\":{\"currentPage\":2,\"index\":1,\"list\":[{\"createdTime\":1585046079000,\"difficulty\":\"test\",\"experience\":\"test\",\"isChecked\":0,\"isDeleted\":0,\"isEnabled\":0,\"plan\":\"test\",\"reportId\":3,\"reportType\":1,\"solution\":\"test\",\"updatedTime\":1585046079000,\"workContent\":\"test\"}],\"pageSize\":1,\"params\":{\"userId\":1,\"reportType\":1},\"sortMethod\":\"asc\",\"totalCount\":2,\"totalPage\":2},\"msg\":\"操作成功！\"}', '0:0:0:0:0:0:0:1', '2020-03-25 21:10:49', NULL);
INSERT INTO `cl_log` VALUES (339, '/report/getByUserId', '[Page(currentPage=2, pageSize=2, totalPage=0, totalCount=0, index=2, list=null, params={userId=1, reportType=1}, sortColumn=null, sortMethod=asc)]', 1, NULL, 'POST', 210, '{\"code\":200,\"data\":{\"currentPage\":2,\"index\":2,\"list\":[],\"pageSize\":2,\"params\":{\"userId\":1,\"reportType\":1},\"sortMethod\":\"asc\",\"totalCount\":2,\"totalPage\":1},\"msg\":\"操作成功！\"}', '0:0:0:0:0:0:0:1', '2020-03-25 21:11:01', NULL);
INSERT INTO `cl_log` VALUES (340, '/report/getByUserId', '[Page(currentPage=1, pageSize=2, totalPage=0, totalCount=0, index=0, list=null, params={userId=1, reportType=1}, sortColumn=null, sortMethod=asc)]', 1, NULL, 'POST', 191, '{\"code\":200,\"data\":{\"currentPage\":1,\"index\":0,\"list\":[{\"createdTime\":1585045400000,\"difficulty\":\"test\",\"experience\":\"test\",\"isChecked\":0,\"isDeleted\":0,\"isEnabled\":0,\"plan\":\"test\",\"reportId\":2,\"reportType\":1,\"solution\":\"test\",\"updatedTime\":1585045400000,\"workContent\":\"test\"},{\"createdTime\":1585046079000,\"difficulty\":\"test\",\"experience\":\"test\",\"isChecked\":0,\"isDeleted\":0,\"isEnabled\":0,\"plan\":\"test\",\"reportId\":3,\"reportType\":1,\"solution\":\"test\",\"updatedTime\":1585046079000,\"workContent\":\"test\"}],\"pageSize\":2,\"params\":{\"userId\":1,\"reportType\":1},\"sortMethod\":\"asc\",\"totalCount\":2,\"totalPage\":1},\"msg\":\"操作成功！\"}', '0:0:0:0:0:0:0:1', '2020-03-25 21:15:08', NULL);
INSERT INTO `cl_log` VALUES (341, '/report/getByUserId', '[Page(currentPage=5, pageSize=2, totalPage=0, totalCount=0, index=8, list=null, params={userId=1, reportType=1}, sortColumn=null, sortMethod=asc)]', 0, 'java.lang.IllegalArgumentException: fromIndex(8) > toIndex(2)\n	at com.hnxx.zy.clms.common.utils.Page.pagingDate(Page.java:122)\n	at com.hnxx.zy.clms.controller.ReportController.getByUserId(ReportController.java:75)\n	at com.hnxx.zy.clms.controller.ReportController$$FastClassBySpringCGLIB$$c73691b7.invoke(<generated>)\n	at com.hnxx.zy.clms.common.aspect.RequestAspect.doAround(RequestAspect.java:78)\n	at com.hnxx.zy.clms.controller.ReportController$$EnhancerBySpringCGLIB$$9f139c19.getByUserId(<generated>)\n	at com.hnxx.zy.clms.security.jwt.JwtAuthTokenFilter.doFilterInternal(JwtAuthTokenFilter.java:59)\n', 'POST', 0, NULL, '0:0:0:0:0:0:0:1', '2020-03-25 21:17:26', NULL);
INSERT INTO `cl_log` VALUES (342, '/error', '[SecurityContextHolderAwareRequestWrapper[ FirewalledRequest[ org.apache.catalina.core.ApplicationHttpRequest@b50fd12]]]', 1, 'java.lang.IllegalArgumentException: fromIndex(8) > toIndex(2)\n	at com.hnxx.zy.clms.common.utils.Page.pagingDate(Page.java:122)\n	at com.hnxx.zy.clms.controller.ReportController.getByUserId(ReportController.java:75)\n	at com.hnxx.zy.clms.controller.ReportController$$FastClassBySpringCGLIB$$c73691b7.invoke(<generated>)\n	at com.hnxx.zy.clms.common.aspect.RequestAspect.doAround(RequestAspect.java:78)\n	at com.hnxx.zy.clms.controller.ReportController$$EnhancerBySpringCGLIB$$9f139c19.getByUserId(<generated>)\n	at com.hnxx.zy.clms.security.jwt.JwtAuthTokenFilter.doFilterInternal(JwtAuthTokenFilter.java:59)\n', 'POST', 9, '{\"code\":500,\"msg\":\"服务器故障\"}', '0:0:0:0:0:0:0:1', '2020-03-25 21:17:26', NULL);
INSERT INTO `cl_log` VALUES (343, '/report/getByUserId', '[Page(currentPage=5, pageSize=2, totalPage=0, totalCount=0, index=8, list=null, params={userId=1, reportType=1}, sortColumn=null, sortMethod=asc)]', 0, 'java.lang.IllegalArgumentException: fromIndex(8) > toIndex(2)\n	at com.hnxx.zy.clms.common.utils.Page.pagingDate(Page.java:122)\n	at com.hnxx.zy.clms.controller.ReportController.getByUserId(ReportController.java:75)\n	at com.hnxx.zy.clms.controller.ReportController$$FastClassBySpringCGLIB$$c73691b7.invoke(<generated>)\n	at com.hnxx.zy.clms.common.aspect.RequestAspect.doAround(RequestAspect.java:78)\n	at com.hnxx.zy.clms.controller.ReportController$$EnhancerBySpringCGLIB$$6de1de81.getByUserId(<generated>)\n	at com.hnxx.zy.clms.security.jwt.JwtAuthTokenFilter.doFilterInternal(JwtAuthTokenFilter.java:59)\n', 'POST', 0, NULL, '0:0:0:0:0:0:0:1', '2020-03-25 21:20:34', NULL);
INSERT INTO `cl_log` VALUES (344, '/error', '[SecurityContextHolderAwareRequestWrapper[ FirewalledRequest[ org.apache.catalina.core.ApplicationHttpRequest@11eee562]]]', 1, 'java.lang.IllegalArgumentException: fromIndex(8) > toIndex(2)\n	at com.hnxx.zy.clms.common.utils.Page.pagingDate(Page.java:122)\n	at com.hnxx.zy.clms.controller.ReportController.getByUserId(ReportController.java:75)\n	at com.hnxx.zy.clms.controller.ReportController$$FastClassBySpringCGLIB$$c73691b7.invoke(<generated>)\n	at com.hnxx.zy.clms.common.aspect.RequestAspect.doAround(RequestAspect.java:78)\n	at com.hnxx.zy.clms.controller.ReportController$$EnhancerBySpringCGLIB$$6de1de81.getByUserId(<generated>)\n	at com.hnxx.zy.clms.security.jwt.JwtAuthTokenFilter.doFilterInternal(JwtAuthTokenFilter.java:59)\n', 'POST', 9, '{\"code\":500,\"msg\":\"服务器故障\"}', '0:0:0:0:0:0:0:1', '2020-03-25 21:20:34', NULL);
INSERT INTO `cl_log` VALUES (345, '/report/getByUserId', '[Page(currentPage=5, pageSize=2, totalPage=0, totalCount=0, index=8, list=null, params={userId=1, reportType=1}, sortColumn=null, sortMethod=asc)]', 0, 'java.lang.IllegalArgumentException: fromIndex(8) > toIndex(2)\n	at com.hnxx.zy.clms.common.utils.Page.pagingDate(Page.java:122)\n	at com.hnxx.zy.clms.controller.ReportController.getByUserId(ReportController.java:75)\n	at com.hnxx.zy.clms.controller.ReportController$$FastClassBySpringCGLIB$$c73691b7.invoke(<generated>)\n	at com.hnxx.zy.clms.common.aspect.RequestAspect.doAround(RequestAspect.java:78)\n	at com.hnxx.zy.clms.controller.ReportController$$EnhancerBySpringCGLIB$$16d8453a.getByUserId(<generated>)\n	at com.hnxx.zy.clms.security.jwt.JwtAuthTokenFilter.doFilterInternal(JwtAuthTokenFilter.java:59)\n', 'POST', 0, NULL, '0:0:0:0:0:0:0:1', '2020-03-25 21:21:55', NULL);
INSERT INTO `cl_log` VALUES (346, '/error', '[SecurityContextHolderAwareRequestWrapper[ FirewalledRequest[ org.apache.catalina.core.ApplicationHttpRequest@47f4beb]]]', 1, 'java.lang.IllegalArgumentException: fromIndex(8) > toIndex(2)\n	at com.hnxx.zy.clms.common.utils.Page.pagingDate(Page.java:122)\n	at com.hnxx.zy.clms.controller.ReportController.getByUserId(ReportController.java:75)\n	at com.hnxx.zy.clms.controller.ReportController$$FastClassBySpringCGLIB$$c73691b7.invoke(<generated>)\n	at com.hnxx.zy.clms.common.aspect.RequestAspect.doAround(RequestAspect.java:78)\n	at com.hnxx.zy.clms.controller.ReportController$$EnhancerBySpringCGLIB$$16d8453a.getByUserId(<generated>)\n	at com.hnxx.zy.clms.security.jwt.JwtAuthTokenFilter.doFilterInternal(JwtAuthTokenFilter.java:59)\n', 'POST', 11, '{\"code\":500,\"msg\":\"服务器故障\"}', '0:0:0:0:0:0:0:1', '2020-03-25 21:21:55', NULL);
INSERT INTO `cl_log` VALUES (347, '/report/getByUserId', '[Page(currentPage=3, pageSize=2, totalPage=0, totalCount=0, index=4, list=null, params={userId=1, reportType=1}, sortColumn=null, sortMethod=asc)]', 0, 'java.lang.IllegalArgumentException: fromIndex(4) > toIndex(2)\n	at com.hnxx.zy.clms.common.utils.Page.pagingDate(Page.java:122)\n	at com.hnxx.zy.clms.controller.ReportController.getByUserId(ReportController.java:75)\n	at com.hnxx.zy.clms.controller.ReportController$$FastClassBySpringCGLIB$$c73691b7.invoke(<generated>)\n	at com.hnxx.zy.clms.common.aspect.RequestAspect.doAround(RequestAspect.java:78)\n	at com.hnxx.zy.clms.controller.ReportController$$EnhancerBySpringCGLIB$$16d8453a.getByUserId(<generated>)\n	at com.hnxx.zy.clms.security.jwt.JwtAuthTokenFilter.doFilterInternal(JwtAuthTokenFilter.java:59)\n', 'POST', 0, NULL, '0:0:0:0:0:0:0:1', '2020-03-25 21:22:15', NULL);
INSERT INTO `cl_log` VALUES (348, '/error', '[SecurityContextHolderAwareRequestWrapper[ FirewalledRequest[ org.apache.catalina.core.ApplicationHttpRequest@496e5272]]]', 1, 'java.lang.IllegalArgumentException: fromIndex(4) > toIndex(2)\n	at com.hnxx.zy.clms.common.utils.Page.pagingDate(Page.java:122)\n	at com.hnxx.zy.clms.controller.ReportController.getByUserId(ReportController.java:75)\n	at com.hnxx.zy.clms.controller.ReportController$$FastClassBySpringCGLIB$$c73691b7.invoke(<generated>)\n	at com.hnxx.zy.clms.common.aspect.RequestAspect.doAround(RequestAspect.java:78)\n	at com.hnxx.zy.clms.controller.ReportController$$EnhancerBySpringCGLIB$$16d8453a.getByUserId(<generated>)\n	at com.hnxx.zy.clms.security.jwt.JwtAuthTokenFilter.doFilterInternal(JwtAuthTokenFilter.java:59)\n', 'POST', 3, '{\"code\":500,\"msg\":\"服务器故障\"}', '0:0:0:0:0:0:0:1', '2020-03-25 21:22:16', NULL);
INSERT INTO `cl_log` VALUES (349, '/report/getByUserId', '[Page(currentPage=2, pageSize=2, totalPage=0, totalCount=0, index=2, list=null, params={userId=1, reportType=1}, sortColumn=null, sortMethod=asc)]', 1, NULL, 'POST', 191, '{\"code\":200,\"data\":{\"currentPage\":2,\"index\":2,\"list\":[],\"pageSize\":2,\"params\":{\"userId\":1,\"reportType\":1},\"sortMethod\":\"asc\",\"totalCount\":2,\"totalPage\":1},\"msg\":\"操作成功！\"}', '0:0:0:0:0:0:0:1', '2020-03-25 21:22:21', NULL);
INSERT INTO `cl_log` VALUES (350, '/report/getByUserId', '[Page(currentPage=1, pageSize=2, totalPage=0, totalCount=0, index=0, list=null, params={userId=1, reportType=1}, sortColumn=null, sortMethod=asc)]', 1, NULL, 'POST', 193, '{\"code\":200,\"data\":{\"currentPage\":1,\"index\":0,\"list\":[{\"createdTime\":1585045400000,\"difficulty\":\"test\",\"experience\":\"test\",\"isChecked\":0,\"isDeleted\":0,\"isEnabled\":0,\"plan\":\"test\",\"reportId\":2,\"reportType\":1,\"solution\":\"test\",\"updatedTime\":1585045400000,\"workContent\":\"test\"},{\"createdTime\":1585046079000,\"difficulty\":\"test\",\"experience\":\"test\",\"isChecked\":0,\"isDeleted\":0,\"isEnabled\":0,\"plan\":\"test\",\"reportId\":3,\"reportType\":1,\"solution\":\"test\",\"updatedTime\":1585046079000,\"workContent\":\"test\"}],\"pageSize\":2,\"params\":{\"userId\":1,\"reportType\":1},\"sortMethod\":\"asc\",\"totalCount\":2,\"totalPage\":1},\"msg\":\"操作成功！\"}', '0:0:0:0:0:0:0:1', '2020-03-25 21:22:46', NULL);
INSERT INTO `cl_log` VALUES (351, '/article/read/1', '[1]', 1, NULL, 'GET', 379, '{\"code\":200,\"data\":{\"articleAuthor\":\"code-fusheng\",\"articleCollection\":0,\"articleComment\":0,\"articleContent\":\"这是code-fsheng写的测试文章1的内容，关于文章的测试\",\"articleGood\":6,\"articleId\":1,\"articleRead\":1,\"articleTitle\":\"测试文章1\",\"articleType\":1,\"commentList\":[{\"commentArticle\":1,\"commentContent\":\"测试文章评论1\",\"commentGood\":0,\"commentId\":1,\"commentList\":[{\"commentArticle\":1,\"commentContent\":\"测试评论评论2\",\"commentGood\":0,\"commentId\":2,\"commentList\":[],\"commentTime\":\"2020-03-24 16:13:42\",\"commentType\":1,\"commentUser\":0,\"isDeleted\":0,\"isEnabled\":1,\"pid\":1},{\"commentArticle\":1,\"commentContent\":\"测试评论评论3\",\"commentGood\":0,\"commentId\":3,\"commentList\":[],\"commentTime\":\"2020-03-24 16:24:40\",\"commentType\":1,\"commentUser\":0,\"isDeleted\":0,\"isEnabled\":1,\"pid\":1},{\"commentArticle\":2,\"commentContent\":\"测试文章评论9\",\"commentGood\":0,\"commentId\":22,\"commentList\":[],\"commentTime\":\"2020-03-24 23:44:17\",\"commentType\":1,\"commentUser\":2,\"isDeleted\":0,\"isEnabled\":1,\"pid\":1}],\"commentTime\":\"2020-03-24 16:01:17\",\"commentType\":0,\"commentUser\":0,\"isDeleted\":0,\"isEnabled\":1,\"pid\":0},{\"commentArticle\":1,\"commentContent\":\"测试文章评论8\",\"commentGood\":0,\"commentId\":18,\"commentList\":[],\"commentTime\":\"2020-03-24 23:43:05\",\"commentType\":0,\"commentUser\":2,\"isDeleted\":0,\"isEnabled\":1,\"pid\":0}],\"createdTime\":\"2020-03-22 12:06:08\",\"isDeleted\":0,\"isEnabled\":0,\"updateTime\":\"2020-03-25 16:16:01\",\"version\":3},\"msg\":\"操作成功！\"}', '0:0:0:0:0:0:0:1', '2020-03-25 21:23:21', NULL);
INSERT INTO `cl_log` VALUES (352, '/report/getByUserId', '[Page(currentPage=1, pageSize=2, totalPage=0, totalCount=0, index=0, list=null, params={userId=1, reportType=1}, sortColumn=null, sortMethod=asc)]', 1, NULL, 'POST', 205, '{\"code\":200,\"data\":{\"currentPage\":1,\"index\":0,\"list\":[{\"createdTime\":1585045400000,\"difficulty\":\"test\",\"experience\":\"test\",\"isChecked\":0,\"isDeleted\":0,\"isEnabled\":0,\"plan\":\"test\",\"reportId\":2,\"reportType\":1,\"solution\":\"test\",\"updatedTime\":1585045400000,\"workContent\":\"test\"},{\"createdTime\":1585046079000,\"difficulty\":\"test\",\"experience\":\"test\",\"isChecked\":0,\"isDeleted\":0,\"isEnabled\":0,\"plan\":\"test\",\"reportId\":3,\"reportType\":1,\"solution\":\"test\",\"updatedTime\":1585046079000,\"workContent\":\"test\"}],\"pageSize\":2,\"params\":{\"userId\":1,\"reportType\":1},\"sortMethod\":\"asc\",\"totalCount\":2,\"totalPage\":1},\"msg\":\"操作成功！\"}', '127.0.0.1', '2020-03-25 21:23:32', NULL);
INSERT INTO `cl_log` VALUES (353, '/report/getByUserId', '[Page(currentPage=2, pageSize=2, totalPage=0, totalCount=0, index=2, list=null, params={userId=1, reportType=1}, sortColumn=null, sortMethod=asc)]', 1, NULL, 'POST', 176, '{\"code\":200,\"data\":{\"currentPage\":2,\"index\":2,\"list\":[],\"pageSize\":2,\"params\":{\"userId\":1,\"reportType\":1},\"sortMethod\":\"asc\",\"totalCount\":2,\"totalPage\":1},\"msg\":\"操作成功！\"}', '127.0.0.1', '2020-03-25 21:23:38', NULL);
INSERT INTO `cl_log` VALUES (354, '/report/getByUserId', '[Page(currentPage=3, pageSize=2, totalPage=0, totalCount=0, index=4, list=null, params={userId=1, reportType=1}, sortColumn=null, sortMethod=asc)]', 0, 'java.lang.IllegalArgumentException: fromIndex(4) > toIndex(2)\n	at com.hnxx.zy.clms.common.utils.Page.pagingDate(Page.java:122)\n	at com.hnxx.zy.clms.controller.ReportController.getByUserId(ReportController.java:75)\n	at com.hnxx.zy.clms.controller.ReportController$$FastClassBySpringCGLIB$$c73691b7.invoke(<generated>)\n	at com.hnxx.zy.clms.common.aspect.RequestAspect.doAround(RequestAspect.java:78)\n	at com.hnxx.zy.clms.controller.ReportController$$EnhancerBySpringCGLIB$$b0585132.getByUserId(<generated>)\n	at com.hnxx.zy.clms.security.jwt.JwtAuthTokenFilter.doFilterInternal(JwtAuthTokenFilter.java:59)\n', 'POST', 0, NULL, '127.0.0.1', '2020-03-25 21:23:46', NULL);
INSERT INTO `cl_log` VALUES (355, '/error', '[SecurityContextHolderAwareRequestWrapper[ FirewalledRequest[ org.apache.catalina.core.ApplicationHttpRequest@1e9c017d]]]', 1, 'java.lang.IllegalArgumentException: fromIndex(4) > toIndex(2)\n	at com.hnxx.zy.clms.common.utils.Page.pagingDate(Page.java:122)\n	at com.hnxx.zy.clms.controller.ReportController.getByUserId(ReportController.java:75)\n	at com.hnxx.zy.clms.controller.ReportController$$FastClassBySpringCGLIB$$c73691b7.invoke(<generated>)\n	at com.hnxx.zy.clms.common.aspect.RequestAspect.doAround(RequestAspect.java:78)\n	at com.hnxx.zy.clms.controller.ReportController$$EnhancerBySpringCGLIB$$b0585132.getByUserId(<generated>)\n	at com.hnxx.zy.clms.security.jwt.JwtAuthTokenFilter.doFilterInternal(JwtAuthTokenFilter.java:59)\n', 'POST', 8, '{\"code\":500,\"msg\":\"服务器故障\"}', '127.0.0.1', '2020-03-25 21:23:46', NULL);
INSERT INTO `cl_log` VALUES (356, '/report/getByUserId', '[Page(currentPage=3, pageSize=2, totalPage=0, totalCount=0, index=4, list=null, params={userId=1, reportType=1}, sortColumn=null, sortMethod=asc)]', 0, 'java.lang.IllegalArgumentException: fromIndex(4) > toIndex(2)\n	at com.hnxx.zy.clms.common.utils.Page.pagingDate(Page.java:122)\n	at com.hnxx.zy.clms.controller.ReportController.getByUserId(ReportController.java:75)\n	at com.hnxx.zy.clms.controller.ReportController$$FastClassBySpringCGLIB$$c73691b7.invoke(<generated>)\n	at com.hnxx.zy.clms.common.aspect.RequestAspect.doAround(RequestAspect.java:78)\n	at com.hnxx.zy.clms.controller.ReportController$$EnhancerBySpringCGLIB$$3df9c049.getByUserId(<generated>)\n	at com.hnxx.zy.clms.security.jwt.JwtAuthTokenFilter.doFilterInternal(JwtAuthTokenFilter.java:59)\n', 'POST', 0, NULL, '0:0:0:0:0:0:0:1', '2020-03-25 21:25:56', NULL);
INSERT INTO `cl_log` VALUES (357, '/error', '[SecurityContextHolderAwareRequestWrapper[ FirewalledRequest[ org.apache.catalina.core.ApplicationHttpRequest@4d33b0f4]]]', 1, 'java.lang.IllegalArgumentException: fromIndex(4) > toIndex(2)\n	at com.hnxx.zy.clms.common.utils.Page.pagingDate(Page.java:122)\n	at com.hnxx.zy.clms.controller.ReportController.getByUserId(ReportController.java:75)\n	at com.hnxx.zy.clms.controller.ReportController$$FastClassBySpringCGLIB$$c73691b7.invoke(<generated>)\n	at com.hnxx.zy.clms.common.aspect.RequestAspect.doAround(RequestAspect.java:78)\n	at com.hnxx.zy.clms.controller.ReportController$$EnhancerBySpringCGLIB$$3df9c049.getByUserId(<generated>)\n	at com.hnxx.zy.clms.security.jwt.JwtAuthTokenFilter.doFilterInternal(JwtAuthTokenFilter.java:59)\n', 'POST', 12, '{\"code\":500,\"msg\":\"服务器故障\"}', '0:0:0:0:0:0:0:1', '2020-03-25 21:25:57', NULL);
INSERT INTO `cl_log` VALUES (358, '/report/getByUserId', '[Page(currentPage=3, pageSize=2, totalPage=0, totalCount=0, index=4, list=null, params={userId=1, reportType=1}, sortColumn=null, sortMethod=asc)]', 0, 'java.lang.IllegalArgumentException: fromIndex(4) > toIndex(2)\n	at com.hnxx.zy.clms.common.utils.Page.pagingDate(Page.java:122)\n	at com.hnxx.zy.clms.controller.ReportController.getByUserId(ReportController.java:75)\n	at com.hnxx.zy.clms.controller.ReportController$$FastClassBySpringCGLIB$$c73691b7.invoke(<generated>)\n	at com.hnxx.zy.clms.common.aspect.RequestAspect.doAround(RequestAspect.java:78)\n	at com.hnxx.zy.clms.controller.ReportController$$EnhancerBySpringCGLIB$$fa0b1060.getByUserId(<generated>)\n	at com.hnxx.zy.clms.security.jwt.JwtAuthTokenFilter.doFilterInternal(JwtAuthTokenFilter.java:59)\n', 'POST', 0, NULL, '0:0:0:0:0:0:0:1', '2020-03-25 21:28:39', NULL);
INSERT INTO `cl_log` VALUES (359, '/error', '[SecurityContextHolderAwareRequestWrapper[ FirewalledRequest[ org.apache.catalina.core.ApplicationHttpRequest@48c17ff4]]]', 1, 'java.lang.IllegalArgumentException: fromIndex(4) > toIndex(2)\n	at com.hnxx.zy.clms.common.utils.Page.pagingDate(Page.java:122)\n	at com.hnxx.zy.clms.controller.ReportController.getByUserId(ReportController.java:75)\n	at com.hnxx.zy.clms.controller.ReportController$$FastClassBySpringCGLIB$$c73691b7.invoke(<generated>)\n	at com.hnxx.zy.clms.common.aspect.RequestAspect.doAround(RequestAspect.java:78)\n	at com.hnxx.zy.clms.controller.ReportController$$EnhancerBySpringCGLIB$$fa0b1060.getByUserId(<generated>)\n	at com.hnxx.zy.clms.security.jwt.JwtAuthTokenFilter.doFilterInternal(JwtAuthTokenFilter.java:59)\n', 'POST', 11, '{\"code\":500,\"msg\":\"服务器故障\"}', '0:0:0:0:0:0:0:1', '2020-03-25 21:28:39', NULL);
INSERT INTO `cl_log` VALUES (360, '/report/getByUserId', '[Page(currentPage=3, pageSize=2, totalPage=0, totalCount=0, index=4, list=null, params={userId=1, reportType=1}, sortColumn=null, sortMethod=asc)]', 1, NULL, 'POST', 219, '{\"code\":200,\"data\":{\"currentPage\":3,\"index\":4,\"list\":[],\"pageSize\":2,\"params\":{\"userId\":1,\"reportType\":1},\"sortMethod\":\"asc\",\"totalCount\":2,\"totalPage\":1},\"msg\":\"操作成功！\"}', '0:0:0:0:0:0:0:1', '2020-03-25 21:30:57', NULL);
INSERT INTO `cl_log` VALUES (361, '/report/getByUserId', '[Page(currentPage=1, pageSize=2, totalPage=0, totalCount=0, index=0, list=null, params={userId=1, reportType=1}, sortColumn=null, sortMethod=asc)]', 1, NULL, 'POST', 186, '{\"code\":200,\"data\":{\"currentPage\":1,\"index\":0,\"list\":[{\"createdTime\":1585045400000,\"difficulty\":\"test\",\"experience\":\"test\",\"isChecked\":0,\"isDeleted\":0,\"isEnabled\":0,\"plan\":\"test\",\"reportId\":2,\"reportType\":1,\"solution\":\"test\",\"updatedTime\":1585045400000,\"workContent\":\"test\"},{\"createdTime\":1585046079000,\"difficulty\":\"test\",\"experience\":\"test\",\"isChecked\":0,\"isDeleted\":0,\"isEnabled\":0,\"plan\":\"test\",\"reportId\":3,\"reportType\":1,\"solution\":\"test\",\"updatedTime\":1585046079000,\"workContent\":\"test\"}],\"pageSize\":2,\"params\":{\"userId\":1,\"reportType\":1},\"sortMethod\":\"asc\",\"totalCount\":2,\"totalPage\":1},\"msg\":\"操作成功！\"}', '0:0:0:0:0:0:0:1', '2020-03-25 21:31:03', NULL);
INSERT INTO `cl_log` VALUES (362, '/report/getByUserId', '[Page(currentPage=3, pageSize=2, totalPage=0, totalCount=0, index=4, list=null, params={userId=1, reportType=1}, sortColumn=null, sortMethod=asc)]', 1, NULL, 'POST', 181, '{\"code\":200,\"data\":{\"currentPage\":3,\"index\":4,\"list\":[],\"pageSize\":2,\"params\":{\"userId\":1,\"reportType\":1},\"sortMethod\":\"asc\",\"totalCount\":2,\"totalPage\":1},\"msg\":\"操作成功！\"}', '0:0:0:0:0:0:0:1', '2020-03-25 21:31:10', NULL);
INSERT INTO `cl_log` VALUES (363, '/report/getByUserId', '[Page(currentPage=3, pageSize=2, totalPage=0, totalCount=0, index=4, list=null, params={userId=1, reportType=1}, sortColumn=null, sortMethod=asc)]', 1, NULL, 'POST', 206, '{\"code\":200,\"data\":{\"currentPage\":3,\"index\":4,\"list\":[],\"pageSize\":2,\"params\":{\"userId\":1,\"reportType\":1},\"sortMethod\":\"asc\",\"totalCount\":2,\"totalPage\":1},\"msg\":\"操作成功！\"}', '0:0:0:0:0:0:0:1', '2020-03-25 21:32:13', NULL);
INSERT INTO `cl_log` VALUES (364, '/report/getByUserId', '[Page(currentPage=2, pageSize=2, totalPage=0, totalCount=0, index=2, list=null, params={userId=1, reportType=1}, sortColumn=null, sortMethod=asc)]', 1, NULL, 'POST', 179, '{\"code\":200,\"data\":{\"currentPage\":2,\"index\":2,\"list\":[],\"pageSize\":2,\"params\":{\"userId\":1,\"reportType\":1},\"sortMethod\":\"asc\",\"totalCount\":2,\"totalPage\":1},\"msg\":\"操作成功！\"}', '0:0:0:0:0:0:0:1', '2020-03-25 21:32:22', NULL);
INSERT INTO `cl_log` VALUES (365, '/report/getByUserId', '[Page(currentPage=1, pageSize=2, totalPage=0, totalCount=0, index=0, list=null, params={userId=1, reportType=1}, sortColumn=null, sortMethod=asc)]', 1, NULL, 'POST', 184, '{\"code\":200,\"data\":{\"currentPage\":1,\"index\":0,\"list\":[{\"createdTime\":1585045400000,\"difficulty\":\"test\",\"experience\":\"test\",\"isChecked\":0,\"isDeleted\":0,\"isEnabled\":0,\"plan\":\"test\",\"reportId\":2,\"reportType\":1,\"solution\":\"test\",\"updatedTime\":1585045400000,\"workContent\":\"test\"},{\"createdTime\":1585046079000,\"difficulty\":\"test\",\"experience\":\"test\",\"isChecked\":0,\"isDeleted\":0,\"isEnabled\":0,\"plan\":\"test\",\"reportId\":3,\"reportType\":1,\"solution\":\"test\",\"updatedTime\":1585046079000,\"workContent\":\"test\"}],\"pageSize\":2,\"params\":{\"userId\":1,\"reportType\":1},\"sortMethod\":\"asc\",\"totalCount\":2,\"totalPage\":1},\"msg\":\"操作成功！\"}', '0:0:0:0:0:0:0:1', '2020-03-25 21:32:45', NULL);
INSERT INTO `cl_log` VALUES (366, '/report/getByUserId', '[Page(currentPage=1, pageSize=2, totalPage=0, totalCount=0, index=0, list=null, params={userId=1, reportType=1}, sortColumn=null, sortMethod=asc)]', 1, NULL, 'POST', 190, '{\"code\":200,\"data\":{\"currentPage\":1,\"index\":0,\"list\":[{\"createdTime\":1585045400000,\"difficulty\":\"test\",\"experience\":\"test\",\"isChecked\":0,\"isDeleted\":0,\"isEnabled\":0,\"plan\":\"test\",\"reportId\":2,\"reportType\":1,\"solution\":\"test\",\"updatedTime\":1585045400000,\"workContent\":\"test\"},{\"createdTime\":1585046079000,\"difficulty\":\"test\",\"experience\":\"test\",\"isChecked\":0,\"isDeleted\":0,\"isEnabled\":0,\"plan\":\"test\",\"reportId\":3,\"reportType\":1,\"solution\":\"test\",\"updatedTime\":1585046079000,\"workContent\":\"test\"}],\"pageSize\":2,\"params\":{\"userId\":1,\"reportType\":1},\"sortMethod\":\"asc\",\"totalCount\":3,\"totalPage\":2},\"msg\":\"操作成功！\"}', '0:0:0:0:0:0:0:1', '2020-03-25 21:33:15', NULL);
INSERT INTO `cl_log` VALUES (367, '/report/getByUserId', '[Page(currentPage=2, pageSize=2, totalPage=0, totalCount=0, index=2, list=null, params={userId=1, reportType=1}, sortColumn=null, sortMethod=asc)]', 0, 'java.lang.IndexOutOfBoundsException: toIndex = 5\n	at com.hnxx.zy.clms.common.utils.Page.pagingDate(Page.java:127)\n	at com.hnxx.zy.clms.controller.ReportController.getByUserId(ReportController.java:75)\n	at com.hnxx.zy.clms.controller.ReportController$$FastClassBySpringCGLIB$$c73691b7.invoke(<generated>)\n	at com.hnxx.zy.clms.common.aspect.RequestAspect.doAround(RequestAspect.java:78)\n	at com.hnxx.zy.clms.controller.ReportController$$EnhancerBySpringCGLIB$$b5d77578.getByUserId(<generated>)\n	at com.hnxx.zy.clms.security.jwt.JwtAuthTokenFilter.doFilterInternal(JwtAuthTokenFilter.java:59)\n', 'POST', 0, NULL, '0:0:0:0:0:0:0:1', '2020-03-25 21:33:24', NULL);
INSERT INTO `cl_log` VALUES (368, '/error', '[SecurityContextHolderAwareRequestWrapper[ FirewalledRequest[ org.apache.catalina.core.ApplicationHttpRequest@29612c3e]]]', 1, 'java.lang.IndexOutOfBoundsException: toIndex = 5\n	at com.hnxx.zy.clms.common.utils.Page.pagingDate(Page.java:127)\n	at com.hnxx.zy.clms.controller.ReportController.getByUserId(ReportController.java:75)\n	at com.hnxx.zy.clms.controller.ReportController$$FastClassBySpringCGLIB$$c73691b7.invoke(<generated>)\n	at com.hnxx.zy.clms.common.aspect.RequestAspect.doAround(RequestAspect.java:78)\n	at com.hnxx.zy.clms.controller.ReportController$$EnhancerBySpringCGLIB$$b5d77578.getByUserId(<generated>)\n	at com.hnxx.zy.clms.security.jwt.JwtAuthTokenFilter.doFilterInternal(JwtAuthTokenFilter.java:59)\n', 'POST', 7, '{\"code\":500,\"msg\":\"服务器故障\"}', '0:0:0:0:0:0:0:1', '2020-03-25 21:33:24', NULL);
INSERT INTO `cl_log` VALUES (369, '/report/getByUserId', '[Page(currentPage=2, pageSize=2, totalPage=0, totalCount=0, index=2, list=null, params={userId=1, reportType=1}, sortColumn=null, sortMethod=asc)]', 1, NULL, 'POST', 226, '{\"code\":200,\"data\":{\"currentPage\":2,\"index\":2,\"list\":[{\"createdTime\":1585143111000,\"difficulty\":\"www\",\"experience\":\"ww\",\"isChecked\":0,\"isDeleted\":0,\"isEnabled\":0,\"plan\":\"w)ww\",\"reportId\":4,\"reportType\":1,\"solution\":\"www\",\"updatedTime\":1585143114000,\"workContent\":\"www\"}],\"pageSize\":2,\"params\":{\"userId\":1,\"reportType\":1},\"sortMethod\":\"asc\",\"totalCount\":3,\"totalPage\":2},\"msg\":\"操作成功！\"}', '0:0:0:0:0:0:0:1', '2020-03-25 21:36:55', NULL);
INSERT INTO `cl_log` VALUES (370, '/report/getByUserId', '[Page(currentPage=3, pageSize=2, totalPage=0, totalCount=0, index=4, list=null, params={userId=1, reportType=1}, sortColumn=null, sortMethod=asc)]', 1, NULL, 'POST', 218, '{\"code\":200,\"data\":{\"currentPage\":3,\"index\":4,\"list\":[],\"pageSize\":2,\"params\":{\"userId\":1,\"reportType\":1},\"sortMethod\":\"asc\",\"totalCount\":3,\"totalPage\":2},\"msg\":\"操作成功！\"}', '0:0:0:0:0:0:0:1', '2020-03-25 21:37:02', NULL);
INSERT INTO `cl_log` VALUES (371, '/report/getByUserId', '[Page(currentPage=1, pageSize=2, totalPage=0, totalCount=0, index=0, list=null, params={userId=1, reportType=1}, sortColumn=null, sortMethod=asc)]', 1, NULL, 'POST', 188, '{\"code\":200,\"data\":{\"currentPage\":1,\"index\":0,\"list\":[{\"createdTime\":1585045400000,\"difficulty\":\"test\",\"experience\":\"test\",\"isChecked\":0,\"isDeleted\":0,\"isEnabled\":0,\"plan\":\"test\",\"reportId\":2,\"reportType\":1,\"solution\":\"test\",\"updatedTime\":1585045400000,\"workContent\":\"test\"},{\"createdTime\":1585046079000,\"difficulty\":\"test\",\"experience\":\"test\",\"isChecked\":0,\"isDeleted\":0,\"isEnabled\":0,\"plan\":\"test\",\"reportId\":3,\"reportType\":1,\"solution\":\"test\",\"updatedTime\":1585046079000,\"workContent\":\"test\"}],\"pageSize\":2,\"params\":{\"userId\":1,\"reportType\":1},\"sortMethod\":\"asc\",\"totalCount\":3,\"totalPage\":2},\"msg\":\"操作成功！\"}', '0:0:0:0:0:0:0:1', '2020-03-25 21:37:07', NULL);
INSERT INTO `cl_log` VALUES (372, '/report/getByUserId', '[Page(currentPage=2, pageSize=2, totalPage=0, totalCount=0, index=2, list=null, params={userId=1, reportType=1}, sortColumn=null, sortMethod=asc)]', 1, NULL, 'POST', 193, '{\"code\":200,\"data\":{\"currentPage\":2,\"index\":2,\"list\":[{\"createdTime\":1585143111000,\"difficulty\":\"www\",\"experience\":\"ww\",\"isChecked\":0,\"isDeleted\":0,\"isEnabled\":0,\"plan\":\"w)ww\",\"reportId\":4,\"reportType\":1,\"solution\":\"www\",\"updatedTime\":1585143114000,\"workContent\":\"www\"}],\"pageSize\":2,\"params\":{\"userId\":1,\"reportType\":1},\"sortMethod\":\"asc\",\"totalCount\":3,\"totalPage\":2},\"msg\":\"操作成功！\"}', '0:0:0:0:0:0:0:1', '2020-03-25 21:37:16', NULL);
INSERT INTO `cl_log` VALUES (373, '/report/getByUserId', '[Page(currentPage=2, pageSize=2, totalPage=0, totalCount=0, index=2, list=null, params={userId=1, reportType=1}, sortColumn=null, sortMethod=asc)]', 1, NULL, 'POST', 203, '{\"code\":200,\"data\":{\"currentPage\":2,\"index\":2,\"list\":[{\"createdTime\":1585143111000,\"difficulty\":\"www\",\"experience\":\"ww\",\"isChecked\":0,\"isDeleted\":0,\"isEnabled\":0,\"plan\":\"w)ww\",\"reportId\":4,\"reportType\":1,\"solution\":\"www\",\"updatedTime\":1585143114000,\"workContent\":\"www\"}],\"pageSize\":2,\"params\":{\"userId\":1,\"reportType\":1},\"sortMethod\":\"asc\",\"totalCount\":3,\"totalPage\":2},\"msg\":\"操作成功！\"}', '0:0:0:0:0:0:0:1', '2020-03-25 21:40:11', NULL);
INSERT INTO `cl_log` VALUES (374, '/report/getByUserId', '[Page(currentPage=3, pageSize=2, totalPage=0, totalCount=0, index=4, list=null, params={userId=1, reportType=1}, sortColumn=null, sortMethod=asc)]', 1, NULL, 'POST', 169, '{\"code\":200,\"data\":{\"currentPage\":3,\"index\":4,\"pageSize\":2,\"params\":{\"userId\":1,\"reportType\":1},\"sortMethod\":\"asc\",\"totalCount\":3,\"totalPage\":2},\"msg\":\"操作成功！\"}', '0:0:0:0:0:0:0:1', '2020-03-25 21:40:18', NULL);
INSERT INTO `cl_log` VALUES (375, '/report/getByUserId', '[Page(currentPage=4, pageSize=2, totalPage=0, totalCount=0, index=6, list=null, params={userId=1, reportType=1}, sortColumn=null, sortMethod=asc)]', 1, NULL, 'POST', 180, '{\"code\":200,\"data\":{\"currentPage\":4,\"index\":6,\"pageSize\":2,\"params\":{\"userId\":1,\"reportType\":1},\"sortMethod\":\"asc\",\"totalCount\":3,\"totalPage\":2},\"msg\":\"操作成功！\"}', '0:0:0:0:0:0:0:1', '2020-03-25 21:40:31', NULL);
INSERT INTO `cl_log` VALUES (376, '/report/getByUserId', '[Page(currentPage=4, pageSize=2, totalPage=0, totalCount=0, index=6, list=null, params={userId=1, reportType=1}, sortColumn=null, sortMethod=asc)]', 1, NULL, 'POST', 220, '{\"code\":200,\"data\":{\"currentPage\":4,\"index\":6,\"pageSize\":2,\"params\":{\"userId\":1,\"reportType\":1},\"sortMethod\":\"asc\",\"totalCount\":3,\"totalPage\":0},\"msg\":\"操作成功！\"}', '0:0:0:0:0:0:0:1', '2020-03-25 21:42:46', NULL);
INSERT INTO `cl_log` VALUES (377, '/report/getByUserId', '[Page(currentPage=1, pageSize=2, totalPage=0, totalCount=0, index=0, list=null, params={userId=1, reportType=1}, sortColumn=null, sortMethod=asc)]', 1, NULL, 'POST', 184, '{\"code\":200,\"data\":{\"currentPage\":1,\"index\":0,\"list\":[{\"createdTime\":1585045400000,\"difficulty\":\"test\",\"experience\":\"test\",\"isChecked\":0,\"isDeleted\":0,\"isEnabled\":0,\"plan\":\"test\",\"reportId\":2,\"reportType\":1,\"solution\":\"test\",\"updatedTime\":1585045400000,\"workContent\":\"test\"},{\"createdTime\":1585046079000,\"difficulty\":\"test\",\"experience\":\"test\",\"isChecked\":0,\"isDeleted\":0,\"isEnabled\":0,\"plan\":\"test\",\"reportId\":3,\"reportType\":1,\"solution\":\"test\",\"updatedTime\":1585046079000,\"workContent\":\"test\"}],\"pageSize\":2,\"params\":{\"userId\":1,\"reportType\":1},\"sortMethod\":\"asc\",\"totalCount\":3,\"totalPage\":0},\"msg\":\"操作成功！\"}', '0:0:0:0:0:0:0:1', '2020-03-25 21:42:51', NULL);
INSERT INTO `cl_log` VALUES (378, '/report/getByUserId', '[Page(currentPage=2, pageSize=2, totalPage=0, totalCount=0, index=2, list=null, params={userId=1, reportType=1}, sortColumn=null, sortMethod=asc)]', 1, NULL, 'POST', 188, '{\"code\":200,\"data\":{\"currentPage\":2,\"index\":2,\"pageSize\":2,\"params\":{\"userId\":1,\"reportType\":1},\"sortMethod\":\"asc\",\"totalCount\":3,\"totalPage\":0},\"msg\":\"操作成功！\"}', '0:0:0:0:0:0:0:1', '2020-03-25 21:42:58', NULL);
INSERT INTO `cl_log` VALUES (379, '/report/getByUserId', '[Page(currentPage=2, pageSize=2, totalPage=0, totalCount=0, index=2, list=null, params={userId=1, reportType=1}, sortColumn=null, sortMethod=asc)]', 1, NULL, 'POST', 389, '{\"code\":200,\"data\":{\"currentPage\":2,\"index\":2,\"list\":[{\"createdTime\":1585143111000,\"difficulty\":\"www\",\"experience\":\"ww\",\"isChecked\":0,\"isDeleted\":0,\"isEnabled\":0,\"plan\":\"w)ww\",\"reportId\":4,\"reportType\":1,\"solution\":\"www\",\"updatedTime\":1585143114000,\"workContent\":\"www\"}],\"pageSize\":2,\"params\":{\"userId\":1,\"reportType\":1},\"sortMethod\":\"asc\",\"totalCount\":3,\"totalPage\":2},\"msg\":\"操作成功！\"}', '0:0:0:0:0:0:0:1', '2020-03-25 21:44:58', NULL);
INSERT INTO `cl_log` VALUES (380, '/report/getByUserId', '[Page(currentPage=2, pageSize=2, totalPage=0, totalCount=0, index=2, list=null, params={userId=1, reportType=1}, sortColumn=null, sortMethod=asc)]', 1, NULL, 'POST', 215, '{\"code\":200,\"data\":{\"currentPage\":2,\"index\":2,\"list\":[{\"createdTime\":1585143111000,\"difficulty\":\"www\",\"experience\":\"ww\",\"isChecked\":0,\"isDeleted\":0,\"isEnabled\":0,\"plan\":\"w)ww\",\"reportId\":4,\"reportType\":1,\"solution\":\"www\",\"updatedTime\":1585143114000,\"workContent\":\"www\"}],\"pageSize\":2,\"params\":{\"userId\":1,\"reportType\":1},\"sortMethod\":\"asc\",\"totalCount\":3,\"totalPage\":2},\"msg\":\"操作成功！\"}', '0:0:0:0:0:0:0:1', '2020-03-25 21:50:10', NULL);
INSERT INTO `cl_log` VALUES (381, '/report/getByUserId', '[Page(currentPage=1, pageSize=2, totalPage=0, totalCount=0, index=0, list=null, params={userId=1, reportType=1}, sortColumn=null, sortMethod=asc)]', 1, NULL, 'POST', 183, '{\"code\":200,\"data\":{\"currentPage\":1,\"index\":0,\"list\":[{\"createdTime\":1585045400000,\"difficulty\":\"test\",\"experience\":\"test\",\"isChecked\":0,\"isDeleted\":0,\"isEnabled\":0,\"plan\":\"test\",\"reportId\":2,\"reportType\":1,\"solution\":\"test\",\"updatedTime\":1585045400000,\"workContent\":\"test\"},{\"createdTime\":1585046079000,\"difficulty\":\"test\",\"experience\":\"test\",\"isChecked\":0,\"isDeleted\":0,\"isEnabled\":0,\"plan\":\"test\",\"reportId\":3,\"reportType\":1,\"solution\":\"test\",\"updatedTime\":1585046079000,\"workContent\":\"test\"}],\"pageSize\":2,\"params\":{\"userId\":1,\"reportType\":1},\"sortMethod\":\"asc\",\"totalCount\":3,\"totalPage\":2},\"msg\":\"操作成功！\"}', '0:0:0:0:0:0:0:1', '2020-03-25 21:50:21', NULL);
INSERT INTO `cl_log` VALUES (382, '/report/getByUserId', '[Page(currentPage=1, pageSize=2, totalPage=0, totalCount=0, index=0, list=null, params={userId=1, reportType=1}, sortColumn=null, sortMethod=asc)]', 1, NULL, 'POST', 219, '{\"code\":200,\"data\":{\"currentPage\":1,\"index\":0,\"list\":[{\"createdTime\":1585045400000,\"difficulty\":\"test\",\"experience\":\"test\",\"isChecked\":0,\"isDeleted\":0,\"isEnabled\":0,\"plan\":\"test\",\"reportId\":2,\"reportType\":1,\"solution\":\"test\",\"updatedTime\":1585045400000,\"workContent\":\"test\"}],\"pageSize\":2,\"params\":{\"userId\":1,\"reportType\":1},\"sortMethod\":\"asc\",\"totalCount\":3,\"totalPage\":2},\"msg\":\"操作成功！\"}', '0:0:0:0:0:0:0:1', '2020-03-25 21:51:10', NULL);
INSERT INTO `cl_log` VALUES (383, '/report/getByUserId', '[Page(currentPage=1, pageSize=2, totalPage=0, totalCount=0, index=0, list=null, params={userId=1, reportType=1}, sortColumn=null, sortMethod=asc)]', 1, NULL, 'POST', 282, '{\"code\":200,\"data\":{\"currentPage\":1,\"index\":0,\"list\":[{\"createdTime\":1585045400000,\"difficulty\":\"test\",\"experience\":\"test\",\"isChecked\":0,\"isDeleted\":0,\"isEnabled\":0,\"plan\":\"test\",\"reportId\":2,\"reportType\":1,\"solution\":\"test\",\"updatedTime\":1585045400000,\"workContent\":\"test\"},{\"createdTime\":1585046079000,\"difficulty\":\"test\",\"experience\":\"test\",\"isChecked\":0,\"isDeleted\":0,\"isEnabled\":0,\"plan\":\"test\",\"reportId\":3,\"reportType\":1,\"solution\":\"test\",\"updatedTime\":1585046079000,\"workContent\":\"test\"}],\"pageSize\":2,\"params\":{\"userId\":1,\"reportType\":1},\"sortMethod\":\"asc\",\"totalCount\":3,\"totalPage\":2},\"msg\":\"操作成功！\"}', '0:0:0:0:0:0:0:1', '2020-03-25 21:52:33', NULL);
INSERT INTO `cl_log` VALUES (384, '/article/read/1', '[1]', 0, 'org.springframework.jdbc.BadSqlGrammarException: \n### Error querying database.  Cause: java.sql.SQLSyntaxErrorException: Unknown column \'article_id\' in \'where clause\'\n### The error may exist in com/hnxx/zy/clms/core/mapper/CommentMapper.java (best guess)\n### The error may involve com.hnxx.zy.clms.core.mapper.CommentMapper.getCountByAid-Inline\n### Cause: java.sql.SQLSyntaxErrorException: Unknown column \'article_id\' in \'where clause\'\n; bad SQL grammar []; nested exception is java.sql.SQLSyntaxErrorException: Unknown column \'article_id\' in \'where clause\'\n	at com.hnxx.zy.clms.core.service.impl.ArticleServiceImpl.readById(ArticleServiceImpl.java:121)\n	at com.hnxx.zy.clms.core.service.impl.ArticleServiceImpl$$FastClassBySpringCGLIB$$9341d0.invoke(<generated>)\n	at com.hnxx.zy.clms.core.service.impl.ArticleServiceImpl$$EnhancerBySpringCGLIB$$a84fdb5e.readById(<generated>)\n	at com.hnxx.zy.clms.controller.ArticleController.read(ArticleController.java:120)\n	at com.hnxx.zy.clms.controller.ArticleController$$FastClassBySpringCGLIB$$7b8f9c4b.invoke(<generated>)\n	at com.hnxx.zy.clms.common.aspect.RequestAspect.doAround(RequestAspect.java:78)\n	at com.hnxx.zy.clms.controller.ArticleController$$EnhancerBySpringCGLIB$$d348c559.read(<generated>)\n	at com.hnxx.zy.clms.security.jwt.JwtAuthTokenFilter.doFilterInternal(JwtAuthTokenFilter.java:59)\nCaused by: java.sql.SQLSyntaxErrorException: Unknown column \'article_id\' in \'where clause\'\n', 'GET', 0, NULL, '0:0:0:0:0:0:0:1', '2020-03-25 21:52:34', NULL);
INSERT INTO `cl_log` VALUES (385, '/error', '[SecurityContextHolderAwareRequestWrapper[ FirewalledRequest[ org.apache.catalina.core.ApplicationHttpRequest@1148a056]]]', 1, 'org.springframework.jdbc.BadSqlGrammarException: \n### Error querying database.  Cause: java.sql.SQLSyntaxErrorException: Unknown column \'article_id\' in \'where clause\'\n### The error may exist in com/hnxx/zy/clms/core/mapper/CommentMapper.java (best guess)\n### The error may involve com.hnxx.zy.clms.core.mapper.CommentMapper.getCountByAid-Inline\n### Cause: java.sql.SQLSyntaxErrorException: Unknown column \'article_id\' in \'where clause\'\n; bad SQL grammar []; nested exception is java.sql.SQLSyntaxErrorException: Unknown column \'article_id\' in \'where clause\'\n	at com.hnxx.zy.clms.core.service.impl.ArticleServiceImpl.readById(ArticleServiceImpl.java:121)\n	at com.hnxx.zy.clms.core.service.impl.ArticleServiceImpl$$FastClassBySpringCGLIB$$9341d0.invoke(<generated>)\n	at com.hnxx.zy.clms.core.service.impl.ArticleServiceImpl$$EnhancerBySpringCGLIB$$a84fdb5e.readById(<generated>)\n	at com.hnxx.zy.clms.controller.ArticleController.read(ArticleController.java:120)\n	at com.hnxx.zy.clms.controller.ArticleController$$FastClassBySpringCGLIB$$7b8f9c4b.invoke(<generated>)\n	at com.hnxx.zy.clms.common.aspect.RequestAspect.doAround(RequestAspect.java:78)\n	at com.hnxx.zy.clms.controller.ArticleController$$EnhancerBySpringCGLIB$$d348c559.read(<generated>)\n	at com.hnxx.zy.clms.security.jwt.JwtAuthTokenFilter.doFilterInternal(JwtAuthTokenFilter.java:59)\nCaused by: java.sql.SQLSyntaxErrorException: Unknown column \'article_id\' in \'where clause\'\n', 'GET', 8, '{\"code\":500,\"msg\":\"服务器故障\"}', '0:0:0:0:0:0:0:1', '2020-03-25 21:52:34', NULL);
INSERT INTO `cl_log` VALUES (386, '/report/getByUserId', '[Page(currentPage=1, pageSize=2, totalPage=0, totalCount=0, index=0, list=null, params={userId=1, reportType=1}, sortColumn=null, sortMethod=asc)]', 1, NULL, 'POST', 181, '{\"code\":200,\"data\":{\"currentPage\":1,\"index\":0,\"list\":[{\"createdTime\":1585045400000,\"difficulty\":\"test\",\"experience\":\"test\",\"isChecked\":0,\"isDeleted\":0,\"isEnabled\":0,\"plan\":\"test\",\"reportId\":2,\"reportType\":1,\"solution\":\"test\",\"updatedTime\":1585045400000,\"workContent\":\"test\"},{\"createdTime\":1585046079000,\"difficulty\":\"test\",\"experience\":\"test\",\"isChecked\":0,\"isDeleted\":0,\"isEnabled\":0,\"plan\":\"test\",\"reportId\":3,\"reportType\":1,\"solution\":\"test\",\"updatedTime\":1585046079000,\"workContent\":\"test\"}],\"pageSize\":2,\"params\":{\"userId\":1,\"reportType\":1},\"sortMethod\":\"asc\",\"totalCount\":4,\"totalPage\":2},\"msg\":\"操作成功！\"}', '0:0:0:0:0:0:0:1', '2020-03-25 21:54:01', NULL);
INSERT INTO `cl_log` VALUES (387, '/article/read/1', '[1]', 1, NULL, 'GET', 618, '{\"code\":200,\"data\":{\"articleAuthor\":\"code-fusheng\",\"articleCollection\":0,\"articleComment\":5,\"articleContent\":\"这是code-fsheng写的测试文章1的内容，关于文章的测试\",\"articleGood\":6,\"articleId\":1,\"articleRead\":1,\"articleTitle\":\"测试文章1\",\"articleType\":1,\"commentList\":[{\"commentArticle\":1,\"commentContent\":\"测试文章评论1\",\"commentCount\":3,\"commentGood\":0,\"commentId\":1,\"commentList\":[{\"commentArticle\":1,\"commentContent\":\"测试评论评论2\",\"commentCount\":0,\"commentGood\":0,\"commentId\":2,\"commentList\":[],\"commentTime\":\"2020-03-24 16:13:42\",\"commentType\":1,\"commentUser\":0,\"isDeleted\":0,\"isEnabled\":1,\"pid\":1},{\"commentArticle\":1,\"commentContent\":\"测试评论评论3\",\"commentCount\":0,\"commentGood\":0,\"commentId\":3,\"commentList\":[],\"commentTime\":\"2020-03-24 16:24:40\",\"commentType\":1,\"commentUser\":0,\"isDeleted\":0,\"isEnabled\":1,\"pid\":1},{\"commentArticle\":2,\"commentContent\":\"测试文章评论9\",\"commentCount\":0,\"commentGood\":0,\"commentId\":22,\"commentList\":[],\"commentTime\":\"2020-03-24 23:44:17\",\"commentType\":1,\"commentUser\":2,\"isDeleted\":0,\"isEnabled\":1,\"pid\":1}],\"commentTime\":\"2020-03-24 16:01:17\",\"commentType\":0,\"commentUser\":0,\"isDeleted\":0,\"isEnabled\":1,\"pid\":0},{\"commentArticle\":1,\"commentContent\":\"测试文章评论8\",\"commentCount\":0,\"commentGood\":0,\"commentId\":18,\"commentList\":[],\"commentTime\":\"2020-03-24 23:43:05\",\"commentType\":0,\"commentUser\":2,\"isDeleted\":0,\"isEnabled\":1,\"pid\":0}],\"createdTime\":\"2020-03-22 12:06:08\",\"isDeleted\":0,\"isEnabled\":0,\"updateTime\":\"2020-03-25 16:16:01\",\"version\":3},\"msg\":\"操作成功！\"}', '0:0:0:0:0:0:0:1', '2020-03-25 21:54:04', NULL);
INSERT INTO `cl_log` VALUES (388, '/report/getByUserId', '[Page(currentPage=2, pageSize=2, totalPage=0, totalCount=0, index=2, list=null, params={userId=1, reportType=1}, sortColumn=null, sortMethod=asc)]', 1, NULL, 'POST', 183, '{\"code\":200,\"data\":{\"currentPage\":2,\"index\":2,\"list\":[{\"createdTime\":1585143111000,\"difficulty\":\"www\",\"experience\":\"ww\",\"isChecked\":0,\"isDeleted\":0,\"isEnabled\":0,\"plan\":\"w)ww\",\"reportId\":4,\"reportType\":1,\"solution\":\"www\",\"updatedTime\":1585143114000,\"workContent\":\"www\"}],\"pageSize\":2,\"params\":{\"userId\":1,\"reportType\":1},\"sortMethod\":\"asc\",\"totalCount\":4,\"totalPage\":2},\"msg\":\"操作成功！\"}', '0:0:0:0:0:0:0:1', '2020-03-25 21:54:08', NULL);
INSERT INTO `cl_log` VALUES (389, '/report/getByUserId', '[Page(currentPage=2, pageSize=3, totalPage=0, totalCount=0, index=3, list=null, params={userId=1, reportType=1}, sortColumn=null, sortMethod=asc)]', 1, NULL, 'POST', 176, '{\"code\":200,\"data\":{\"currentPage\":2,\"index\":3,\"list\":[{\"createdTime\":1585144430000,\"difficulty\":\"test\",\"experience\":\"test\",\"isChecked\":0,\"isDeleted\":0,\"isEnabled\":0,\"plan\":\"test\",\"reportId\":5,\"reportType\":1,\"solution\":\"test\",\"updatedTime\":1585144432000,\"workContent\":\"test\"}],\"pageSize\":3,\"params\":{\"userId\":1,\"reportType\":1},\"sortMethod\":\"asc\",\"totalCount\":4,\"totalPage\":2},\"msg\":\"操作成功！\"}', '0:0:0:0:0:0:0:1', '2020-03-25 21:54:22', NULL);
INSERT INTO `cl_log` VALUES (390, '/report/getByUserId', '[Page(currentPage=1, pageSize=3, totalPage=0, totalCount=0, index=0, list=null, params={userId=1, reportType=1}, sortColumn=null, sortMethod=asc)]', 1, NULL, 'POST', 180, '{\"code\":200,\"data\":{\"currentPage\":1,\"index\":0,\"list\":[{\"createdTime\":1585045400000,\"difficulty\":\"test\",\"experience\":\"test\",\"isChecked\":0,\"isDeleted\":0,\"isEnabled\":0,\"plan\":\"test\",\"reportId\":2,\"reportType\":1,\"solution\":\"test\",\"updatedTime\":1585045400000,\"workContent\":\"test\"},{\"createdTime\":1585046079000,\"difficulty\":\"test\",\"experience\":\"test\",\"isChecked\":0,\"isDeleted\":0,\"isEnabled\":0,\"plan\":\"test\",\"reportId\":3,\"reportType\":1,\"solution\":\"test\",\"updatedTime\":1585046079000,\"workContent\":\"test\"},{\"createdTime\":1585143111000,\"difficulty\":\"www\",\"experience\":\"ww\",\"isChecked\":0,\"isDeleted\":0,\"isEnabled\":0,\"plan\":\"w)ww\",\"reportId\":4,\"reportType\":1,\"solution\":\"www\",\"updatedTime\":1585143114000,\"workContent\":\"www\"}],\"pageSize\":3,\"params\":{\"userId\":1,\"reportType\":1},\"sortMethod\":\"asc\",\"totalCount\":4,\"totalPage\":2},\"msg\":\"操作成功！\"}', '0:0:0:0:0:0:0:1', '2020-03-25 21:54:28', NULL);
INSERT INTO `cl_log` VALUES (391, '/report/getByUserId', '[Page(currentPage=2, pageSize=2, totalPage=0, totalCount=0, index=2, list=null, params={userId=1, reportType=1}, sortColumn=null, sortMethod=asc)]', 1, NULL, 'POST', 180, '{\"code\":200,\"data\":{\"currentPage\":2,\"index\":2,\"list\":[{\"createdTime\":1585143111000,\"difficulty\":\"www\",\"experience\":\"ww\",\"isChecked\":0,\"isDeleted\":0,\"isEnabled\":0,\"plan\":\"w)ww\",\"reportId\":4,\"reportType\":1,\"solution\":\"www\",\"updatedTime\":1585143114000,\"workContent\":\"www\"}],\"pageSize\":2,\"params\":{\"userId\":1,\"reportType\":1},\"sortMethod\":\"asc\",\"totalCount\":4,\"totalPage\":2},\"msg\":\"操作成功！\"}', '0:0:0:0:0:0:0:1', '2020-03-25 21:54:40', NULL);
INSERT INTO `cl_log` VALUES (392, '/report/getByUserId', '[Page(currentPage=2, pageSize=2, totalPage=0, totalCount=0, index=2, list=null, params={userId=1, reportType=1}, sortColumn=null, sortMethod=asc)]', 1, NULL, 'POST', 179, '{\"code\":200,\"data\":{\"currentPage\":2,\"index\":2,\"list\":[{\"createdTime\":1585143111000,\"difficulty\":\"www\",\"experience\":\"ww\",\"isChecked\":0,\"isDeleted\":0,\"isEnabled\":0,\"plan\":\"w)ww\",\"reportId\":4,\"reportType\":1,\"solution\":\"www\",\"updatedTime\":1585143114000,\"workContent\":\"www\"}],\"pageSize\":2,\"params\":{\"userId\":1,\"reportType\":1},\"sortMethod\":\"asc\",\"totalCount\":4,\"totalPage\":2},\"msg\":\"操作成功！\"}', '0:0:0:0:0:0:0:1', '2020-03-25 21:59:41', NULL);
INSERT INTO `cl_log` VALUES (393, '/article/read/1', '[1]', 1, NULL, 'GET', 578, '{\"code\":200,\"data\":{\"articleAuthor\":\"code-fusheng\",\"articleCollection\":0,\"articleComment\":5,\"articleContent\":\"这是code-fsheng写的测试文章1的内容，关于文章的测试\",\"articleGood\":6,\"articleId\":1,\"articleRead\":1,\"articleTitle\":\"测试文章1\",\"articleType\":1,\"commentList\":[{\"commentArticle\":1,\"commentContent\":\"测试文章评论1\",\"commentCount\":2,\"commentGood\":0,\"commentId\":1,\"commentList\":[{\"commentArticle\":1,\"commentContent\":\"测试评论评论2\",\"commentCount\":0,\"commentGood\":0,\"commentId\":2,\"commentList\":[],\"commentTime\":\"2020-03-24 16:13:42\",\"commentType\":1,\"commentUser\":0,\"isDeleted\":0,\"isEnabled\":1,\"pid\":1},{\"commentArticle\":1,\"commentContent\":\"测试评论评论3\",\"commentCount\":0,\"commentGood\":0,\"commentId\":3,\"commentList\":[],\"commentTime\":\"2020-03-24 16:24:40\",\"commentType\":1,\"commentUser\":0,\"isDeleted\":0,\"isEnabled\":1,\"pid\":1}],\"commentTime\":\"2020-03-24 16:01:17\",\"commentType\":0,\"commentUser\":0,\"isDeleted\":0,\"isEnabled\":1,\"pid\":0},{\"commentArticle\":1,\"commentContent\":\"测试文章评论8\",\"commentCount\":0,\"commentGood\":0,\"commentId\":18,\"commentList\":[],\"commentTime\":\"2020-03-24 23:43:05\",\"commentType\":0,\"commentUser\":2,\"isDeleted\":0,\"isEnabled\":1,\"pid\":0}],\"createdTime\":\"2020-03-22 12:06:08\",\"isDeleted\":0,\"isEnabled\":0,\"updateTime\":\"2020-03-25 16:16:01\",\"version\":3},\"msg\":\"操作成功！\"}', '0:0:0:0:0:0:0:1', '2020-03-25 22:00:21', NULL);
INSERT INTO `cl_log` VALUES (394, '/report/getByUserId', '[Page(currentPage=2, pageSize=2, totalPage=0, totalCount=0, index=2, list=null, params={userId=1, reportType=1}, sortColumn=null, sortMethod=asc)]', 1, NULL, 'POST', 206, '{\"code\":200,\"data\":{\"currentPage\":2,\"index\":2,\"list\":[{\"createdTime\":1585143111000,\"difficulty\":\"www\",\"experience\":\"ww\",\"isChecked\":0,\"isDeleted\":0,\"isEnabled\":0,\"plan\":\"w)ww\",\"reportId\":4,\"reportType\":1,\"solution\":\"www\",\"updatedTime\":1585143114000,\"workContent\":\"www\"}],\"pageSize\":2,\"params\":{\"userId\":1,\"reportType\":1},\"sortMethod\":\"asc\",\"totalCount\":4,\"totalPage\":2},\"msg\":\"操作成功！\"}', '0:0:0:0:0:0:0:1', '2020-03-25 22:00:57', NULL);
INSERT INTO `cl_log` VALUES (395, '/article/read/1', '[1]', 1, NULL, 'GET', 606, '{\"code\":200,\"data\":{\"articleAuthor\":\"code-fusheng\",\"articleCollection\":0,\"articleComment\":5,\"articleContent\":\"这是code-fsheng写的测试文章1的内容，关于文章的测试\",\"articleGood\":6,\"articleId\":1,\"articleRead\":1,\"articleTitle\":\"测试文章1\",\"articleType\":1,\"commentList\":[{\"commentArticle\":1,\"commentContent\":\"测试文章评论1\",\"commentCount\":2,\"commentGood\":0,\"commentId\":1,\"commentList\":[{\"commentArticle\":1,\"commentContent\":\"测试评论评论2\",\"commentCount\":0,\"commentGood\":0,\"commentId\":2,\"commentList\":[],\"commentTime\":\"2020-03-24 16:13:42\",\"commentType\":1,\"commentUser\":0,\"isDeleted\":0,\"isEnabled\":1,\"pid\":1},{\"commentArticle\":1,\"commentContent\":\"测试评论评论3\",\"commentCount\":0,\"commentGood\":0,\"commentId\":3,\"commentList\":[],\"commentTime\":\"2020-03-24 16:24:40\",\"commentType\":1,\"commentUser\":0,\"isDeleted\":0,\"isEnabled\":1,\"pid\":1}],\"commentTime\":\"2020-03-24 16:01:17\",\"commentType\":0,\"commentUser\":0,\"isDeleted\":0,\"isEnabled\":1,\"pid\":0},{\"commentArticle\":1,\"commentContent\":\"测试文章评论8\",\"commentCount\":0,\"commentGood\":0,\"commentId\":18,\"commentList\":[],\"commentTime\":\"2020-03-24 23:43:05\",\"commentType\":0,\"commentUser\":2,\"isDeleted\":0,\"isEnabled\":1,\"pid\":0}],\"createdTime\":\"2020-03-22 12:06:08\",\"isDeleted\":0,\"isEnabled\":0,\"updateTime\":\"2020-03-25 16:16:01\",\"version\":3},\"msg\":\"操作成功！\"}', '0:0:0:0:0:0:0:1', '2020-03-25 22:01:34', NULL);
INSERT INTO `cl_log` VALUES (396, '/report/getByUserId', '[Page(currentPage=2, pageSize=2, totalPage=0, totalCount=0, index=2, list=null, params={userId=1, reportType=1}, sortColumn=null, sortMethod=asc)]', 1, NULL, 'POST', 245, '{\"code\":200,\"data\":{\"currentPage\":2,\"index\":2,\"list\":[{\"createdTime\":1585143111000,\"difficulty\":\"www\",\"experience\":\"ww\",\"isChecked\":0,\"isDeleted\":0,\"isEnabled\":0,\"plan\":\"w)ww\",\"reportId\":4,\"reportType\":1,\"solution\":\"www\",\"updatedTime\":1585143114000,\"workContent\":\"www\"},{\"createdTime\":1585144430000,\"difficulty\":\"test\",\"experience\":\"test\",\"isChecked\":0,\"isDeleted\":0,\"isEnabled\":0,\"plan\":\"test\",\"reportId\":5,\"reportType\":1,\"solution\":\"test\",\"updatedTime\":1585144432000,\"workContent\":\"test\"}],\"pageSize\":2,\"params\":{\"userId\":1,\"reportType\":1},\"sortMethod\":\"asc\",\"totalCount\":4,\"totalPage\":2},\"msg\":\"操作成功！\"}', '0:0:0:0:0:0:0:1', '2020-03-25 22:01:41', NULL);
INSERT INTO `cl_log` VALUES (397, '/report/getByUserId', '[Page(currentPage=3, pageSize=2, totalPage=0, totalCount=0, index=4, list=null, params={userId=1, reportType=1}, sortColumn=null, sortMethod=asc)]', 1, NULL, 'POST', 176, '{\"code\":200,\"data\":{\"currentPage\":3,\"index\":4,\"pageSize\":2,\"params\":{\"userId\":1,\"reportType\":1},\"sortMethod\":\"asc\",\"totalCount\":4,\"totalPage\":2},\"msg\":\"操作成功！\"}', '0:0:0:0:0:0:0:1', '2020-03-25 22:01:47', NULL);
INSERT INTO `cl_log` VALUES (398, '/error', '[SecurityContextHolderAwareRequestWrapper[ FirewalledRequest[ org.apache.catalina.core.ApplicationHttpRequest@11bbb763]]]', 1, NULL, 'POST', 11, '{\"code\":0,\"data\":\"400\",\"msg\":\"未知错误\"}', '0:0:0:0:0:0:0:1', '2020-03-25 22:01:59', NULL);
INSERT INTO `cl_log` VALUES (399, '/report/getByUserId', '[Page(currentPage=3, pageSize=1, totalPage=0, totalCount=0, index=2, list=null, params={userId=1, reportType=1}, sortColumn=null, sortMethod=asc)]', 1, NULL, 'POST', 200, '{\"code\":200,\"data\":{\"currentPage\":3,\"index\":2,\"list\":[{\"createdTime\":1585143111000,\"difficulty\":\"www\",\"experience\":\"ww\",\"isChecked\":0,\"isDeleted\":0,\"isEnabled\":0,\"plan\":\"w)ww\",\"reportId\":4,\"reportType\":1,\"solution\":\"www\",\"updatedTime\":1585143114000,\"workContent\":\"www\"}],\"pageSize\":1,\"params\":{\"userId\":1,\"reportType\":1},\"sortMethod\":\"asc\",\"totalCount\":4,\"totalPage\":4},\"msg\":\"操作成功！\"}', '0:0:0:0:0:0:0:1', '2020-03-25 22:02:10', NULL);
INSERT INTO `cl_log` VALUES (400, '/report/getByUserId', '[Page(currentPage=4, pageSize=1, totalPage=0, totalCount=0, index=3, list=null, params={userId=1, reportType=1}, sortColumn=null, sortMethod=asc)]', 1, NULL, 'POST', 180, '{\"code\":200,\"data\":{\"currentPage\":4,\"index\":3,\"list\":[{\"createdTime\":1585144430000,\"difficulty\":\"test\",\"experience\":\"test\",\"isChecked\":0,\"isDeleted\":0,\"isEnabled\":0,\"plan\":\"test\",\"reportId\":5,\"reportType\":1,\"solution\":\"test\",\"updatedTime\":1585144432000,\"workContent\":\"test\"}],\"pageSize\":1,\"params\":{\"userId\":1,\"reportType\":1},\"sortMethod\":\"asc\",\"totalCount\":4,\"totalPage\":4},\"msg\":\"操作成功！\"}', '0:0:0:0:0:0:0:1', '2020-03-25 22:02:17', NULL);
INSERT INTO `cl_log` VALUES (401, '/report/getByUserId', '[Page(currentPage=1, pageSize=1, totalPage=0, totalCount=0, index=0, list=null, params={userId=1, reportType=1}, sortColumn=null, sortMethod=asc)]', 1, NULL, 'POST', 181, '{\"code\":200,\"data\":{\"currentPage\":1,\"index\":0,\"list\":[{\"createdTime\":1585045400000,\"difficulty\":\"test\",\"experience\":\"test\",\"isChecked\":0,\"isDeleted\":0,\"isEnabled\":0,\"plan\":\"test\",\"reportId\":2,\"reportType\":1,\"solution\":\"test\",\"updatedTime\":1585045400000,\"workContent\":\"test\"}],\"pageSize\":1,\"params\":{\"userId\":1,\"reportType\":1},\"sortMethod\":\"asc\",\"totalCount\":4,\"totalPage\":4},\"msg\":\"操作成功！\"}', '0:0:0:0:0:0:0:1', '2020-03-25 22:02:35', NULL);
INSERT INTO `cl_log` VALUES (402, '/report/getByUserId', '[Page(currentPage=2, pageSize=3, totalPage=0, totalCount=0, index=3, list=null, params={userId=1, reportType=1}, sortColumn=null, sortMethod=asc)]', 1, NULL, 'POST', 173, '{\"code\":200,\"data\":{\"currentPage\":2,\"index\":3,\"list\":[{\"createdTime\":1585144430000,\"difficulty\":\"test\",\"experience\":\"test\",\"isChecked\":0,\"isDeleted\":0,\"isEnabled\":0,\"plan\":\"test\",\"reportId\":5,\"reportType\":1,\"solution\":\"test\",\"updatedTime\":1585144432000,\"workContent\":\"test\"}],\"pageSize\":3,\"params\":{\"userId\":1,\"reportType\":1},\"sortMethod\":\"asc\",\"totalCount\":4,\"totalPage\":2},\"msg\":\"操作成功！\"}', '0:0:0:0:0:0:0:1', '2020-03-25 22:02:49', NULL);
INSERT INTO `cl_log` VALUES (403, '/report/getByUserId', '[Page(currentPage=2, pageSize=2, totalPage=0, totalCount=0, index=2, list=null, params={userId=1, reportType=1}, sortColumn=null, sortMethod=asc)]', 1, NULL, 'POST', 173, '{\"code\":200,\"data\":{\"currentPage\":2,\"index\":2,\"list\":[{\"createdTime\":1585143111000,\"difficulty\":\"www\",\"experience\":\"ww\",\"isChecked\":0,\"isDeleted\":0,\"isEnabled\":0,\"plan\":\"w)ww\",\"reportId\":4,\"reportType\":1,\"solution\":\"www\",\"updatedTime\":1585143114000,\"workContent\":\"www\"},{\"createdTime\":1585144430000,\"difficulty\":\"test\",\"experience\":\"test\",\"isChecked\":0,\"isDeleted\":0,\"isEnabled\":0,\"plan\":\"test\",\"reportId\":5,\"reportType\":1,\"solution\":\"test\",\"updatedTime\":1585144432000,\"workContent\":\"test\"}],\"pageSize\":2,\"params\":{\"userId\":1,\"reportType\":1},\"sortMethod\":\"asc\",\"totalCount\":4,\"totalPage\":2},\"msg\":\"操作成功！\"}', '0:0:0:0:0:0:0:1', '2020-03-25 22:02:56', NULL);
INSERT INTO `cl_log` VALUES (404, '/report/getByUserId', '[Page(currentPage=3, pageSize=2, totalPage=0, totalCount=0, index=4, list=null, params={userId=1, reportType=1}, sortColumn=null, sortMethod=asc)]', 1, NULL, 'POST', 173, '{\"code\":200,\"data\":{\"currentPage\":3,\"index\":4,\"pageSize\":2,\"params\":{\"userId\":1,\"reportType\":1},\"sortMethod\":\"asc\",\"totalCount\":4,\"totalPage\":2},\"msg\":\"操作成功！\"}', '0:0:0:0:0:0:0:1', '2020-03-25 22:03:58', NULL);
INSERT INTO `cl_log` VALUES (405, '/report/getByUserId', '[Page(currentPage=2, pageSize=2, totalPage=0, totalCount=0, index=2, list=null, params={userId=1, reportType=1}, sortColumn=null, sortMethod=asc)]', 1, NULL, 'POST', 175, '{\"code\":200,\"data\":{\"currentPage\":2,\"index\":2,\"list\":[{\"createdTime\":1585143111000,\"difficulty\":\"www\",\"experience\":\"ww\",\"isChecked\":0,\"isDeleted\":0,\"isEnabled\":0,\"plan\":\"w)ww\",\"reportId\":4,\"reportType\":1,\"solution\":\"www\",\"updatedTime\":1585143114000,\"workContent\":\"www\"},{\"createdTime\":1585144430000,\"difficulty\":\"test\",\"experience\":\"test\",\"isChecked\":0,\"isDeleted\":0,\"isEnabled\":0,\"plan\":\"test\",\"reportId\":5,\"reportType\":1,\"solution\":\"test\",\"updatedTime\":1585144432000,\"workContent\":\"test\"}],\"pageSize\":2,\"params\":{\"userId\":1,\"reportType\":1},\"sortMethod\":\"asc\",\"totalCount\":4,\"totalPage\":2},\"msg\":\"操作成功！\"}', '0:0:0:0:0:0:0:1', '2020-03-25 22:04:04', NULL);
INSERT INTO `cl_log` VALUES (406, '/report/getByUserId', '[Page(currentPage=2, pageSize=2, totalPage=0, totalCount=0, index=2, list=null, params={userId=1, reportType=1}, sortColumn=null, sortMethod=asc)]', 1, NULL, 'POST', 169, '{\"code\":200,\"data\":{\"currentPage\":2,\"index\":2,\"list\":[{\"createdTime\":1585143111000,\"difficulty\":\"www\",\"experience\":\"ww\",\"isChecked\":0,\"isDeleted\":0,\"isEnabled\":0,\"plan\":\"w)ww\",\"reportId\":4,\"reportType\":1,\"solution\":\"www\",\"updatedTime\":1585143114000,\"workContent\":\"www\"},{\"createdTime\":1585144430000,\"difficulty\":\"test\",\"experience\":\"test\",\"isChecked\":0,\"isDeleted\":0,\"isEnabled\":0,\"plan\":\"test\",\"reportId\":5,\"reportType\":1,\"solution\":\"test\",\"updatedTime\":1585144432000,\"workContent\":\"test\"}],\"pageSize\":2,\"params\":{\"userId\":1,\"reportType\":1},\"sortMethod\":\"asc\",\"totalCount\":5,\"totalPage\":3},\"msg\":\"操作成功！\"}', '0:0:0:0:0:0:0:1', '2020-03-25 22:05:23', NULL);
INSERT INTO `cl_log` VALUES (407, '/report/getByUserId', '[Page(currentPage=3, pageSize=2, totalPage=0, totalCount=0, index=4, list=null, params={userId=1, reportType=1}, sortColumn=null, sortMethod=asc)]', 1, NULL, 'POST', 184, '{\"code\":200,\"data\":{\"currentPage\":3,\"index\":4,\"list\":[{\"createdTime\":1585145089000,\"difficulty\":\"test\",\"experience\":\"test\",\"isChecked\":0,\"isDeleted\":0,\"isEnabled\":0,\"plan\":\"test\",\"reportId\":6,\"reportType\":1,\"solution\":\"test\",\"updatedTime\":1585145093000,\"workContent\":\"test\"}],\"pageSize\":2,\"params\":{\"userId\":1,\"reportType\":1},\"sortMethod\":\"asc\",\"totalCount\":5,\"totalPage\":3},\"msg\":\"操作成功！\"}', '0:0:0:0:0:0:0:1', '2020-03-25 22:05:29', NULL);
INSERT INTO `cl_log` VALUES (408, '/report/getByUserId', '[Page(currentPage=2, pageSize=3, totalPage=0, totalCount=0, index=3, list=null, params={userId=1, reportType=1}, sortColumn=null, sortMethod=asc)]', 1, NULL, 'POST', 184, '{\"code\":200,\"data\":{\"currentPage\":2,\"index\":3,\"list\":[{\"createdTime\":1585144430000,\"difficulty\":\"test\",\"experience\":\"test\",\"isChecked\":0,\"isDeleted\":0,\"isEnabled\":0,\"plan\":\"test\",\"reportId\":5,\"reportType\":1,\"solution\":\"test\",\"updatedTime\":1585144432000,\"workContent\":\"test\"},{\"createdTime\":1585145089000,\"difficulty\":\"test\",\"experience\":\"test\",\"isChecked\":0,\"isDeleted\":0,\"isEnabled\":0,\"plan\":\"test\",\"reportId\":6,\"reportType\":1,\"solution\":\"test\",\"updatedTime\":1585145093000,\"workContent\":\"test\"}],\"pageSize\":3,\"params\":{\"userId\":1,\"reportType\":1},\"sortMethod\":\"asc\",\"totalCount\":5,\"totalPage\":2},\"msg\":\"操作成功！\"}', '0:0:0:0:0:0:0:1', '2020-03-25 22:06:05', NULL);
INSERT INTO `cl_log` VALUES (409, '/report/getByUserId', '[Page(currentPage=1, pageSize=3, totalPage=0, totalCount=0, index=0, list=null, params={userId=1, reportType=1}, sortColumn=null, sortMethod=asc)]', 1, NULL, 'POST', 452, '{\"code\":200,\"data\":{\"currentPage\":1,\"index\":0,\"list\":[{\"createdTime\":1585045400000,\"difficulty\":\"test\",\"experience\":\"test\",\"isChecked\":0,\"isDeleted\":0,\"isEnabled\":0,\"plan\":\"test\",\"reportId\":2,\"reportType\":1,\"solution\":\"test\",\"updatedTime\":1585045400000,\"workContent\":\"test\"},{\"createdTime\":1585046079000,\"difficulty\":\"test\",\"experience\":\"test\",\"isChecked\":0,\"isDeleted\":0,\"isEnabled\":0,\"plan\":\"test\",\"reportId\":3,\"reportType\":1,\"solution\":\"test\",\"updatedTime\":1585046079000,\"workContent\":\"test\"},{\"createdTime\":1585143111000,\"difficulty\":\"www\",\"experience\":\"ww\",\"isChecked\":0,\"isDeleted\":0,\"isEnabled\":0,\"plan\":\"w)ww\",\"reportId\":4,\"reportType\":1,\"solution\":\"www\",\"updatedTime\":1585143114000,\"workContent\":\"www\"}],\"pageSize\":3,\"params\":{\"userId\":1,\"reportType\":1},\"sortMethod\":\"asc\",\"totalCount\":5,\"totalPage\":2},\"msg\":\"操作成功！\"}', '0:0:0:0:0:0:0:1', '2020-03-25 22:06:13', NULL);
INSERT INTO `cl_log` VALUES (410, '/report/getByUserId', '[Page(currentPage=1, pageSize=4, totalPage=0, totalCount=0, index=0, list=null, params={userId=1, reportType=1}, sortColumn=null, sortMethod=asc)]', 1, NULL, 'POST', 170, '{\"code\":200,\"data\":{\"currentPage\":1,\"index\":0,\"list\":[{\"createdTime\":1585045400000,\"difficulty\":\"test\",\"experience\":\"test\",\"isChecked\":0,\"isDeleted\":0,\"isEnabled\":0,\"plan\":\"test\",\"reportId\":2,\"reportType\":1,\"solution\":\"test\",\"updatedTime\":1585045400000,\"workContent\":\"test\"},{\"createdTime\":1585046079000,\"difficulty\":\"test\",\"experience\":\"test\",\"isChecked\":0,\"isDeleted\":0,\"isEnabled\":0,\"plan\":\"test\",\"reportId\":3,\"reportType\":1,\"solution\":\"test\",\"updatedTime\":1585046079000,\"workContent\":\"test\"},{\"createdTime\":1585143111000,\"difficulty\":\"www\",\"experience\":\"ww\",\"isChecked\":0,\"isDeleted\":0,\"isEnabled\":0,\"plan\":\"w)ww\",\"reportId\":4,\"reportType\":1,\"solution\":\"www\",\"updatedTime\":1585143114000,\"workContent\":\"www\"},{\"createdTime\":1585144430000,\"difficulty\":\"test\",\"experience\":\"test\",\"isChecked\":0,\"isDeleted\":0,\"isEnabled\":0,\"plan\":\"test\",\"reportId\":5,\"reportType\":1,\"solution\":\"test\",\"updatedTime\":1585144432000,\"workContent\":\"test\"}],\"pageSize\":4,\"params\":{\"userId\":1,\"reportType\":1},\"sortMethod\":\"asc\",\"totalCount\":5,\"totalPage\":2},\"msg\":\"操作成功！\"}', '0:0:0:0:0:0:0:1', '2020-03-25 22:06:27', NULL);
INSERT INTO `cl_log` VALUES (411, '/report/getByUserId', '[Page(currentPage=2, pageSize=4, totalPage=0, totalCount=0, index=4, list=null, params={userId=1, reportType=1}, sortColumn=null, sortMethod=asc)]', 1, NULL, 'POST', 172, '{\"code\":200,\"data\":{\"currentPage\":2,\"index\":4,\"list\":[{\"createdTime\":1585145089000,\"difficulty\":\"test\",\"experience\":\"test\",\"isChecked\":0,\"isDeleted\":0,\"isEnabled\":0,\"plan\":\"test\",\"reportId\":6,\"reportType\":1,\"solution\":\"test\",\"updatedTime\":1585145093000,\"workContent\":\"test\"}],\"pageSize\":4,\"params\":{\"userId\":1,\"reportType\":1},\"sortMethod\":\"asc\",\"totalCount\":5,\"totalPage\":2},\"msg\":\"操作成功！\"}', '0:0:0:0:0:0:0:1', '2020-03-25 22:06:34', NULL);
INSERT INTO `cl_log` VALUES (412, '/report/getByUserId', '[Page(currentPage=3, pageSize=4, totalPage=0, totalCount=0, index=8, list=null, params={userId=1, reportType=1}, sortColumn=null, sortMethod=asc)]', 1, NULL, 'POST', 173, '{\"code\":200,\"data\":{\"currentPage\":3,\"index\":8,\"pageSize\":4,\"params\":{\"userId\":1,\"reportType\":1},\"sortMethod\":\"asc\",\"totalCount\":5,\"totalPage\":2},\"msg\":\"操作成功！\"}', '0:0:0:0:0:0:0:1', '2020-03-25 22:06:40', NULL);
INSERT INTO `cl_log` VALUES (413, '/report/getByUserId', '[Page(currentPage=1, pageSize=4, totalPage=0, totalCount=0, index=0, list=null, params={userId=1, reportType=1}, sortColumn=null, sortMethod=asc)]', 1, NULL, 'POST', 204, '{\"code\":200,\"data\":{\"currentPage\":1,\"index\":0,\"list\":[{\"createdTime\":1585045400000,\"difficulty\":\"test\",\"experience\":\"test\",\"isChecked\":0,\"isDeleted\":0,\"isEnabled\":0,\"plan\":\"test\",\"reportId\":2,\"reportType\":1,\"solution\":\"test\",\"updatedTime\":1585045400000,\"workContent\":\"test\"},{\"createdTime\":1585046079000,\"difficulty\":\"test\",\"experience\":\"test\",\"isChecked\":0,\"isDeleted\":0,\"isEnabled\":0,\"plan\":\"test\",\"reportId\":3,\"reportType\":1,\"solution\":\"test\",\"updatedTime\":1585046079000,\"workContent\":\"test\"},{\"createdTime\":1585143111000,\"difficulty\":\"www\",\"experience\":\"ww\",\"isChecked\":0,\"isDeleted\":0,\"isEnabled\":0,\"plan\":\"w)ww\",\"reportId\":4,\"reportType\":1,\"solution\":\"www\",\"updatedTime\":1585143114000,\"workContent\":\"www\"},{\"createdTime\":1585144430000,\"difficulty\":\"test\",\"experience\":\"test\",\"isChecked\":0,\"isDeleted\":0,\"isEnabled\":0,\"plan\":\"test\",\"reportId\":5,\"reportType\":1,\"solution\":\"test\",\"updatedTime\":1585144432000,\"workContent\":\"test\"}],\"pageSize\":4,\"params\":{\"userId\":1,\"reportType\":1},\"sortMethod\":\"asc\",\"totalCount\":5,\"totalPage\":2},\"msg\":\"操作成功！\"}', '0:0:0:0:0:0:0:1', '2020-03-25 22:06:50', NULL);
INSERT INTO `cl_log` VALUES (414, '/report/getByUserId', '[Page(currentPage=2, pageSize=4, totalPage=0, totalCount=0, index=4, list=null, params={userId=1, reportType=1}, sortColumn=null, sortMethod=asc)]', 1, NULL, 'POST', 202, '{\"code\":200,\"data\":{\"currentPage\":2,\"index\":4,\"list\":[{\"createdTime\":1585145089000,\"difficulty\":\"test\",\"experience\":\"test\",\"isChecked\":0,\"isDeleted\":0,\"isEnabled\":0,\"plan\":\"test\",\"reportId\":6,\"reportType\":1,\"solution\":\"test\",\"updatedTime\":1585145093000,\"workContent\":\"test\"}],\"pageSize\":4,\"params\":{\"userId\":1,\"reportType\":1},\"sortMethod\":\"asc\",\"totalCount\":5,\"totalPage\":2},\"msg\":\"操作成功！\"}', '0:0:0:0:0:0:0:1', '2020-03-25 22:07:53', NULL);
INSERT INTO `cl_log` VALUES (415, '/report/getByUserId', '[Page(currentPage=2, pageSize=5, totalPage=0, totalCount=0, index=5, list=null, params={userId=1, reportType=1}, sortColumn=null, sortMethod=asc)]', 1, NULL, 'POST', 185, '{\"code\":200,\"data\":{\"currentPage\":2,\"index\":5,\"pageSize\":5,\"params\":{\"userId\":1,\"reportType\":1},\"sortMethod\":\"asc\",\"totalCount\":5,\"totalPage\":1},\"msg\":\"操作成功！\"}', '0:0:0:0:0:0:0:1', '2020-03-25 22:08:06', NULL);
INSERT INTO `cl_log` VALUES (416, '/report/getByUserId', '[Page(currentPage=1, pageSize=5, totalPage=0, totalCount=0, index=0, list=null, params={userId=1, reportType=1}, sortColumn=null, sortMethod=asc)]', 1, NULL, 'POST', 169, '{\"code\":200,\"data\":{\"currentPage\":1,\"index\":0,\"list\":[{\"createdTime\":1585045400000,\"difficulty\":\"test\",\"experience\":\"test\",\"isChecked\":0,\"isDeleted\":0,\"isEnabled\":0,\"plan\":\"test\",\"reportId\":2,\"reportType\":1,\"solution\":\"test\",\"updatedTime\":1585045400000,\"workContent\":\"test\"},{\"createdTime\":1585046079000,\"difficulty\":\"test\",\"experience\":\"test\",\"isChecked\":0,\"isDeleted\":0,\"isEnabled\":0,\"plan\":\"test\",\"reportId\":3,\"reportType\":1,\"solution\":\"test\",\"updatedTime\":1585046079000,\"workContent\":\"test\"},{\"createdTime\":1585143111000,\"difficulty\":\"www\",\"experience\":\"ww\",\"isChecked\":0,\"isDeleted\":0,\"isEnabled\":0,\"plan\":\"w)ww\",\"reportId\":4,\"reportType\":1,\"solution\":\"www\",\"updatedTime\":1585143114000,\"workContent\":\"www\"},{\"createdTime\":1585144430000,\"difficulty\":\"test\",\"experience\":\"test\",\"isChecked\":0,\"isDeleted\":0,\"isEnabled\":0,\"plan\":\"test\",\"reportId\":5,\"reportType\":1,\"solution\":\"test\",\"updatedTime\":1585144432000,\"workContent\":\"test\"},{\"createdTime\":1585145089000,\"difficulty\":\"test\",\"experience\":\"test\",\"isChecked\":0,\"isDeleted\":0,\"isEnabled\":0,\"plan\":\"test\",\"reportId\":6,\"reportType\":1,\"solution\":\"test\",\"updatedTime\":1585145093000,\"workContent\":\"test\"}],\"pageSize\":5,\"params\":{\"userId\":1,\"reportType\":1},\"sortMethod\":\"asc\",\"totalCount\":5,\"totalPage\":1},\"msg\":\"操作成功！\"}', '0:0:0:0:0:0:0:1', '2020-03-25 22:08:13', NULL);
INSERT INTO `cl_log` VALUES (417, '/article/read/1', '[1]', 1, NULL, 'GET', 522, '{\"code\":200,\"data\":{\"articleAuthor\":\"code-fusheng\",\"articleCollection\":0,\"articleComment\":5,\"articleContent\":\"这是code-fsheng写的测试文章1的内容，关于文章的测试\",\"articleGood\":6,\"articleId\":1,\"articleRead\":1,\"articleTitle\":\"测试文章1\",\"articleType\":1,\"commentList\":[{\"commentArticle\":1,\"commentContent\":\"测试文章评论1\",\"commentCount\":2,\"commentGood\":0,\"commentId\":1,\"commentList\":[{\"commentArticle\":1,\"commentContent\":\"测试评论评论2\",\"commentCount\":0,\"commentGood\":0,\"commentId\":2,\"commentList\":[],\"commentTime\":\"2020-03-24 16:13:42\",\"commentType\":1,\"commentUser\":0,\"isDeleted\":0,\"isEnabled\":1,\"pid\":1},{\"commentArticle\":1,\"commentContent\":\"测试评论评论3\",\"commentCount\":0,\"commentGood\":0,\"commentId\":3,\"commentList\":[],\"commentTime\":\"2020-03-24 16:24:40\",\"commentType\":1,\"commentUser\":0,\"isDeleted\":0,\"isEnabled\":1,\"pid\":1}],\"commentTime\":\"2020-03-24 16:01:17\",\"commentType\":0,\"commentUser\":0,\"isDeleted\":0,\"isEnabled\":1,\"pid\":0},{\"commentArticle\":1,\"commentContent\":\"测试文章评论8\",\"commentCount\":0,\"commentGood\":0,\"commentId\":18,\"commentList\":[],\"commentTime\":\"2020-03-24 23:43:05\",\"commentType\":0,\"commentUser\":2,\"isDeleted\":0,\"isEnabled\":1,\"pid\":0}],\"createdTime\":\"2020-03-22 12:06:08\",\"isDeleted\":0,\"isEnabled\":0,\"updateTime\":\"2020-03-25 16:16:01\",\"version\":3},\"msg\":\"操作成功！\"}', '0:0:0:0:0:0:0:1', '2020-03-25 22:28:05', NULL);
INSERT INTO `cl_log` VALUES (418, '/comment/getList/1', '[1]', 1, NULL, 'GET', 101, '{\"code\":200,\"data\":[{\"commentArticle\":1,\"commentContent\":\"测试评论评论2\",\"commentCount\":0,\"commentGood\":0,\"commentId\":2,\"commentList\":[],\"commentTime\":\"2020-03-24 16:13:42\",\"commentType\":1,\"commentUser\":0,\"isDeleted\":0,\"isEnabled\":1,\"pid\":1},{\"commentArticle\":1,\"commentContent\":\"测试评论评论3\",\"commentCount\":0,\"commentGood\":0,\"commentId\":3,\"commentList\":[],\"commentTime\":\"2020-03-24 16:24:40\",\"commentType\":1,\"commentUser\":0,\"isDeleted\":0,\"isEnabled\":1,\"pid\":1}],\"msg\":\"操作成功！\"}', '0:0:0:0:0:0:0:1', '2020-03-25 22:29:32', NULL);
INSERT INTO `cl_log` VALUES (419, '/comment/getList/2', '[2]', 1, NULL, 'GET', 81, '{\"code\":200,\"data\":[],\"msg\":\"操作成功！\"}', '0:0:0:0:0:0:0:1', '2020-03-25 22:36:34', NULL);
INSERT INTO `cl_log` VALUES (420, '/comment/getList/2', '[2]', 1, NULL, 'GET', 121, '{\"code\":200,\"data\":[{\"commentArticle\":2,\"commentContent\":\"测试文章评论8\",\"commentCount\":0,\"commentGood\":0,\"commentId\":19,\"commentList\":[],\"commentTime\":\"2020-03-24 23:43:12\",\"commentType\":0,\"commentUser\":2,\"isDeleted\":0,\"isEnabled\":1,\"pid\":0},{\"commentArticle\":2,\"commentContent\":\"测试文章评论9\",\"commentCount\":0,\"commentGood\":0,\"commentId\":20,\"commentList\":[],\"commentTime\":\"2020-03-24 23:43:33\",\"commentType\":0,\"commentUser\":2,\"isDeleted\":0,\"isEnabled\":1,\"pid\":0}],\"msg\":\"操作成功！\"}', '0:0:0:0:0:0:0:1', '2020-03-25 22:37:56', NULL);
INSERT INTO `cl_log` VALUES (421, '/comment/getList/2', '[2]', 1, NULL, 'GET', 292, '{\"code\":200,\"data\":[{\"commentArticle\":2,\"commentContent\":\"测试文章评论8\",\"commentCount\":0,\"commentGood\":0,\"commentId\":19,\"commentList\":[],\"commentTime\":\"2020-03-24 23:43:12\",\"commentType\":0,\"commentUser\":2,\"isDeleted\":0,\"isEnabled\":1,\"pid\":0},{\"commentArticle\":2,\"commentContent\":\"测试文章评论9\",\"commentCount\":0,\"commentGood\":0,\"commentId\":20,\"commentList\":[],\"commentTime\":\"2020-03-24 23:43:33\",\"commentType\":0,\"commentUser\":2,\"isDeleted\":0,\"isEnabled\":1,\"pid\":0}],\"msg\":\"操作成功！\"}', '0:0:0:0:0:0:0:1', '2020-03-25 22:41:18', NULL);
INSERT INTO `cl_log` VALUES (422, '/comment/getList/1', '[1]', 1, NULL, 'GET', 254, '{\"code\":200,\"data\":[{\"commentArticle\":1,\"commentContent\":\"测试文章评论1\",\"commentCount\":2,\"commentGood\":0,\"commentId\":1,\"commentList\":[],\"commentTime\":\"2020-03-24 16:01:17\",\"commentType\":0,\"commentUser\":0,\"isDeleted\":0,\"isEnabled\":1,\"pid\":0},{\"commentArticle\":1,\"commentContent\":\"测试文章评论8\",\"commentCount\":0,\"commentGood\":0,\"commentId\":18,\"commentList\":[],\"commentTime\":\"2020-03-24 23:43:05\",\"commentType\":0,\"commentUser\":2,\"isDeleted\":0,\"isEnabled\":1,\"pid\":0}],\"msg\":\"操作成功！\"}', '0:0:0:0:0:0:0:1', '2020-03-25 22:41:35', NULL);
INSERT INTO `cl_log` VALUES (423, '/article/read/2', '[2]', 1, NULL, 'GET', 486, '{\"code\":200,\"data\":{\"articleAuthor\":\"code-fusheng\",\"articleCollection\":0,\"articleComment\":2,\"articleContent\":\"这是code-fsheng写的测试文章2的内容，关于文章的测试\",\"articleGood\":0,\"articleId\":2,\"articleRead\":1,\"articleTitle\":\"测试文章2\",\"articleType\":2,\"commentList\":[{\"commentArticle\":2,\"commentContent\":\"测试文章评论8\",\"commentCount\":0,\"commentGood\":0,\"commentId\":19,\"commentList\":[],\"commentTime\":\"2020-03-24 23:43:12\",\"commentType\":0,\"commentUser\":2,\"isDeleted\":0,\"isEnabled\":1,\"pid\":0},{\"commentArticle\":2,\"commentContent\":\"测试文章评论9\",\"commentCount\":0,\"commentGood\":0,\"commentId\":20,\"commentList\":[],\"commentTime\":\"2020-03-24 23:43:33\",\"commentType\":0,\"commentUser\":2,\"isDeleted\":0,\"isEnabled\":1,\"pid\":0}],\"createdTime\":\"2020-03-22 12:16:29\",\"isDeleted\":0,\"isEnabled\":0,\"updateTime\":\"2020-03-25 14:01:53\",\"version\":3},\"msg\":\"操作成功！\"}', '0:0:0:0:0:0:0:1', '2020-03-25 23:10:49', NULL);
INSERT INTO `cl_log` VALUES (424, '/article/read/2', '[2]', 1, NULL, 'GET', 447, '{\"code\":200,\"data\":{\"articleAuthor\":\"code-fusheng\",\"articleCollection\":0,\"articleComment\":2,\"articleContent\":\"这是code-fsheng写的测试文章2的内容，关于文章的测试\",\"articleGood\":0,\"articleId\":2,\"articleRead\":1,\"articleTitle\":\"测试文章2\",\"articleType\":2,\"commentList\":[{\"commentArticle\":2,\"commentContent\":\"测试文章评论8\",\"commentCount\":0,\"commentGood\":0,\"commentId\":19,\"commentList\":[],\"commentTime\":\"2020-03-24 23:43:12\",\"commentType\":0,\"commentUser\":2,\"isDeleted\":0,\"isEnabled\":1,\"pid\":0},{\"commentArticle\":2,\"commentContent\":\"测试文章评论9\",\"commentCount\":0,\"commentGood\":0,\"commentId\":20,\"commentList\":[],\"commentTime\":\"2020-03-24 23:43:33\",\"commentType\":0,\"commentUser\":2,\"isDeleted\":0,\"isEnabled\":1,\"pid\":0}],\"createdTime\":\"2020-03-22 12:16:29\",\"isDeleted\":0,\"isEnabled\":0,\"updateTime\":\"2020-03-25 14:01:53\",\"version\":3},\"msg\":\"操作成功！\"}', '0:0:0:0:0:0:0:1', '2020-03-25 23:18:04', NULL);
INSERT INTO `cl_log` VALUES (425, '/article/read/2', '[2]', 1, NULL, 'GET', 448, '{\"code\":200,\"data\":{\"articleAuthor\":\"code-fusheng\",\"articleCollection\":0,\"articleComment\":2,\"articleContent\":\"这是code-fsheng写的测试文章2的内容，关于文章的测试\",\"articleGood\":0,\"articleId\":2,\"articleRead\":1,\"articleTitle\":\"测试文章2\",\"articleType\":2,\"commentList\":[{\"commentArticle\":2,\"commentContent\":\"测试文章评论8\",\"commentCount\":0,\"commentGood\":0,\"commentId\":19,\"commentList\":[],\"commentTime\":\"2020-03-24 23:43:12\",\"commentType\":0,\"commentUser\":2,\"isDeleted\":0,\"isEnabled\":1,\"pid\":0},{\"commentArticle\":2,\"commentContent\":\"测试文章评论9\",\"commentCount\":0,\"commentGood\":0,\"commentId\":20,\"commentList\":[],\"commentTime\":\"2020-03-24 23:43:33\",\"commentType\":0,\"commentUser\":2,\"isDeleted\":0,\"isEnabled\":1,\"pid\":0}],\"createdTime\":\"2020-03-22 12:16:29\",\"isDeleted\":0,\"isEnabled\":0,\"updateTime\":\"2020-03-25 14:01:53\",\"version\":3},\"msg\":\"操作成功！\"}', '0:0:0:0:0:0:0:1', '2020-03-25 23:18:26', NULL);
INSERT INTO `cl_log` VALUES (426, '/article/read/2', '[2]', 0, 'org.springframework.jdbc.BadSqlGrammarException: \n### Error updating database.  Cause: java.sql.SQLSyntaxErrorException: Unknown column \'article\' in \'field list\'\n### The error may involve com.hnxx.zy.clms.core.mapper.ArticleMapper.addRead-Inline\n### Cause: java.sql.SQLSyntaxErrorException: Unknown column \'article\' in \'field list\'\n; bad SQL grammar []; nested exception is java.sql.SQLSyntaxErrorException: Unknown column \'article\' in \'field list\'\n	at com.hnxx.zy.clms.core.service.impl.ArticleServiceImpl.readById(ArticleServiceImpl.java:119)\n	at com.hnxx.zy.clms.core.service.impl.ArticleServiceImpl$$FastClassBySpringCGLIB$$9341d0.invoke(<generated>)\n	at com.hnxx.zy.clms.core.service.impl.ArticleServiceImpl$$EnhancerBySpringCGLIB$$d3f76eb9.readById(<generated>)\n	at com.hnxx.zy.clms.controller.ArticleController.read(ArticleController.java:120)\n	at com.hnxx.zy.clms.controller.ArticleController$$FastClassBySpringCGLIB$$7b8f9c4b.invoke(<generated>)\n	at com.hnxx.zy.clms.common.aspect.RequestAspect.doAround(RequestAspect.java:78)\n	at com.hnxx.zy.clms.controller.ArticleController$$EnhancerBySpringCGLIB$$c2f36d7a.read(<generated>)\n	at com.hnxx.zy.clms.security.jwt.JwtAuthTokenFilter.doFilterInternal(JwtAuthTokenFilter.java:59)\nCaused by: java.sql.SQLSyntaxErrorException: Unknown column \'article\' in \'field list\'\n', 'GET', 0, NULL, '0:0:0:0:0:0:0:1', '2020-03-25 23:30:49', NULL);
INSERT INTO `cl_log` VALUES (427, '/error', '[SecurityContextHolderAwareRequestWrapper[ FirewalledRequest[ org.apache.catalina.core.ApplicationHttpRequest@55457900]]]', 1, 'org.springframework.jdbc.BadSqlGrammarException: \n### Error updating database.  Cause: java.sql.SQLSyntaxErrorException: Unknown column \'article\' in \'field list\'\n### The error may involve com.hnxx.zy.clms.core.mapper.ArticleMapper.addRead-Inline\n### Cause: java.sql.SQLSyntaxErrorException: Unknown column \'article\' in \'field list\'\n; bad SQL grammar []; nested exception is java.sql.SQLSyntaxErrorException: Unknown column \'article\' in \'field list\'\n	at com.hnxx.zy.clms.core.service.impl.ArticleServiceImpl.readById(ArticleServiceImpl.java:119)\n	at com.hnxx.zy.clms.core.service.impl.ArticleServiceImpl$$FastClassBySpringCGLIB$$9341d0.invoke(<generated>)\n	at com.hnxx.zy.clms.core.service.impl.ArticleServiceImpl$$EnhancerBySpringCGLIB$$d3f76eb9.readById(<generated>)\n	at com.hnxx.zy.clms.controller.ArticleController.read(ArticleController.java:120)\n	at com.hnxx.zy.clms.controller.ArticleController$$FastClassBySpringCGLIB$$7b8f9c4b.invoke(<generated>)\n	at com.hnxx.zy.clms.common.aspect.RequestAspect.doAround(RequestAspect.java:78)\n	at com.hnxx.zy.clms.controller.ArticleController$$EnhancerBySpringCGLIB$$c2f36d7a.read(<generated>)\n	at com.hnxx.zy.clms.security.jwt.JwtAuthTokenFilter.doFilterInternal(JwtAuthTokenFilter.java:59)\nCaused by: java.sql.SQLSyntaxErrorException: Unknown column \'article\' in \'field list\'\n', 'GET', 8, '{\"code\":500,\"msg\":\"服务器故障\"}', '0:0:0:0:0:0:0:1', '2020-03-25 23:30:50', NULL);
INSERT INTO `cl_log` VALUES (428, '/article/read/2', '[2]', 1, NULL, 'GET', 529, '{\"code\":200,\"data\":{\"articleAuthor\":\"code-fusheng\",\"articleCollection\":0,\"articleComment\":2,\"articleContent\":\"这是code-fsheng写的测试文章2的内容，关于文章的测试\",\"articleGood\":0,\"articleId\":2,\"articleRead\":0,\"articleTitle\":\"测试文章2\",\"articleType\":2,\"commentList\":[{\"commentArticle\":2,\"commentContent\":\"测试文章评论8\",\"commentCount\":0,\"commentGood\":0,\"commentId\":19,\"commentList\":[],\"commentTime\":\"2020-03-24 23:43:12\",\"commentType\":0,\"commentUser\":2,\"isDeleted\":0,\"isEnabled\":1,\"pid\":0},{\"commentArticle\":2,\"commentContent\":\"测试文章评论9\",\"commentCount\":0,\"commentGood\":0,\"commentId\":20,\"commentList\":[],\"commentTime\":\"2020-03-24 23:43:33\",\"commentType\":0,\"commentUser\":2,\"isDeleted\":0,\"isEnabled\":1,\"pid\":0}],\"createdTime\":\"2020-03-22 12:16:29\",\"isDeleted\":0,\"isEnabled\":0,\"updateTime\":\"2020-03-25 14:01:53\",\"version\":3},\"msg\":\"操作成功！\"}', '0:0:0:0:0:0:0:1', '2020-03-25 23:32:08', NULL);
INSERT INTO `cl_log` VALUES (429, '/article/read/2', '[2]', 1, NULL, 'GET', 510, '{\"code\":200,\"data\":{\"articleAuthor\":\"code-fusheng\",\"articleCollection\":0,\"articleComment\":2,\"articleContent\":\"这是code-fsheng写的测试文章2的内容，关于文章的测试\",\"articleGood\":0,\"articleId\":2,\"articleRead\":1,\"articleTitle\":\"测试文章2\",\"articleType\":2,\"commentList\":[{\"commentArticle\":2,\"commentContent\":\"测试文章评论8\",\"commentCount\":0,\"commentGood\":0,\"commentId\":19,\"commentList\":[],\"commentTime\":\"2020-03-24 23:43:12\",\"commentType\":0,\"commentUser\":2,\"isDeleted\":0,\"isEnabled\":1,\"pid\":0},{\"commentArticle\":2,\"commentContent\":\"测试文章评论9\",\"commentCount\":0,\"commentGood\":0,\"commentId\":20,\"commentList\":[],\"commentTime\":\"2020-03-24 23:43:33\",\"commentType\":0,\"commentUser\":2,\"isDeleted\":0,\"isEnabled\":1,\"pid\":0}],\"createdTime\":\"2020-03-22 12:16:29\",\"isDeleted\":0,\"isEnabled\":0,\"updateTime\":\"2020-03-25 23:32:07\",\"version\":3},\"msg\":\"操作成功！\"}', '0:0:0:0:0:0:0:1', '2020-03-25 23:32:16', NULL);
INSERT INTO `cl_log` VALUES (430, '/article/read/2', '[2]', 1, NULL, 'GET', 577, '{\"code\":200,\"data\":{\"articleAuthor\":\"code-fusheng\",\"articleCollection\":0,\"articleComment\":2,\"articleContent\":\"这是code-fsheng写的测试文章2的内容，关于文章的测试\",\"articleGood\":0,\"articleId\":2,\"articleRead\":3,\"articleTitle\":\"测试文章2\",\"articleType\":2,\"commentList\":[{\"commentArticle\":2,\"commentContent\":\"测试文章评论8\",\"commentCount\":0,\"commentGood\":0,\"commentId\":19,\"commentList\":[],\"commentTime\":\"2020-03-24 23:43:12\",\"commentType\":0,\"commentUser\":2,\"isDeleted\":0,\"isEnabled\":1,\"pid\":0},{\"commentArticle\":2,\"commentContent\":\"测试文章评论9\",\"commentCount\":0,\"commentGood\":0,\"commentId\":20,\"commentList\":[],\"commentTime\":\"2020-03-24 23:43:33\",\"commentType\":0,\"commentUser\":2,\"isDeleted\":0,\"isEnabled\":1,\"pid\":0}],\"createdTime\":\"2020-03-22 12:16:29\",\"isDeleted\":0,\"isEnabled\":0,\"updateTime\":\"2020-03-25 23:33:09\",\"version\":3},\"msg\":\"操作成功！\"}', '0:0:0:0:0:0:0:1', '2020-03-25 23:33:10', NULL);
INSERT INTO `cl_log` VALUES (431, '/article/read/2', '[2]', 1, NULL, 'GET', 541, '{\"code\":200,\"data\":{\"articleAuthor\":\"code-fusheng\",\"articleCollection\":0,\"articleComment\":2,\"articleContent\":\"这是code-fsheng写的测试文章2的内容，关于文章的测试\",\"articleGood\":0,\"articleId\":2,\"articleRead\":4,\"articleTitle\":\"测试文章2\",\"articleType\":2,\"commentList\":[{\"commentArticle\":2,\"commentContent\":\"测试文章评论8\",\"commentCount\":0,\"commentGood\":0,\"commentId\":19,\"commentList\":[],\"commentTime\":\"2020-03-24 23:43:12\",\"commentType\":0,\"commentUser\":2,\"isDeleted\":0,\"isEnabled\":1,\"pid\":0},{\"commentArticle\":2,\"commentContent\":\"测试文章评论9\",\"commentCount\":0,\"commentGood\":0,\"commentId\":20,\"commentList\":[],\"commentTime\":\"2020-03-24 23:43:33\",\"commentType\":0,\"commentUser\":2,\"isDeleted\":0,\"isEnabled\":1,\"pid\":0}],\"createdTime\":\"2020-03-22 12:16:29\",\"isDeleted\":0,\"isEnabled\":0,\"updateTime\":\"2020-03-25 23:33:14\",\"version\":3},\"msg\":\"操作成功！\"}', '0:0:0:0:0:0:0:1', '2020-03-25 23:33:15', NULL);
INSERT INTO `cl_log` VALUES (432, '/article/read/1', '[1]', 1, NULL, 'GET', 516, '{\"code\":200,\"data\":{\"articleAuthor\":\"code-fusheng\",\"articleCollection\":0,\"articleComment\":5,\"articleContent\":\"这是code-fsheng写的测试文章1的内容，关于文章的测试\",\"articleGood\":6,\"articleId\":1,\"articleRead\":1,\"articleTitle\":\"测试文章1\",\"articleType\":1,\"commentList\":[{\"commentArticle\":1,\"commentContent\":\"测试文章评论1\",\"commentCount\":2,\"commentGood\":0,\"commentId\":1,\"commentList\":[{\"commentArticle\":1,\"commentContent\":\"测试评论评论2\",\"commentCount\":0,\"commentGood\":0,\"commentId\":2,\"commentList\":[],\"commentTime\":\"2020-03-24 16:13:42\",\"commentType\":1,\"commentUser\":0,\"isDeleted\":0,\"isEnabled\":1,\"pid\":1},{\"commentArticle\":1,\"commentContent\":\"测试评论评论3\",\"commentCount\":0,\"commentGood\":0,\"commentId\":3,\"commentList\":[],\"commentTime\":\"2020-03-24 16:24:40\",\"commentType\":1,\"commentUser\":0,\"isDeleted\":0,\"isEnabled\":1,\"pid\":1}],\"commentTime\":\"2020-03-24 16:01:17\",\"commentType\":0,\"commentUser\":0,\"isDeleted\":0,\"isEnabled\":1,\"pid\":0},{\"commentArticle\":1,\"commentContent\":\"测试文章评论8\",\"commentCount\":0,\"commentGood\":0,\"commentId\":18,\"commentList\":[],\"commentTime\":\"2020-03-24 23:43:05\",\"commentType\":0,\"commentUser\":2,\"isDeleted\":0,\"isEnabled\":1,\"pid\":0}],\"createdTime\":\"2020-03-22 12:06:08\",\"isDeleted\":0,\"isEnabled\":0,\"updateTime\":\"2020-03-25 23:33:25\",\"version\":3},\"msg\":\"操作成功！\"}', '0:0:0:0:0:0:0:1', '2020-03-25 23:33:25', NULL);
INSERT INTO `cl_log` VALUES (433, '/article/read/1', '[1]', 1, NULL, 'GET', 495, '{\"code\":200,\"data\":{\"articleAuthor\":\"code-fusheng\",\"articleCollection\":0,\"articleComment\":5,\"articleContent\":\"这是code-fsheng写的测试文章1的内容，关于文章的测试\",\"articleGood\":6,\"articleId\":1,\"articleRead\":2,\"articleTitle\":\"测试文章1\",\"articleType\":1,\"commentList\":[{\"commentArticle\":1,\"commentContent\":\"测试文章评论1\",\"commentCount\":2,\"commentGood\":0,\"commentId\":1,\"commentList\":[{\"commentArticle\":1,\"commentContent\":\"测试评论评论2\",\"commentCount\":0,\"commentGood\":0,\"commentId\":2,\"commentList\":[],\"commentTime\":\"2020-03-24 16:13:42\",\"commentType\":1,\"commentUser\":0,\"isDeleted\":0,\"isEnabled\":1,\"pid\":1},{\"commentArticle\":1,\"commentContent\":\"测试评论评论3\",\"commentCount\":0,\"commentGood\":0,\"commentId\":3,\"commentList\":[],\"commentTime\":\"2020-03-24 16:24:40\",\"commentType\":1,\"commentUser\":0,\"isDeleted\":0,\"isEnabled\":1,\"pid\":1}],\"commentTime\":\"2020-03-24 16:01:17\",\"commentType\":0,\"commentUser\":0,\"isDeleted\":0,\"isEnabled\":1,\"pid\":0},{\"commentArticle\":1,\"commentContent\":\"测试文章评论8\",\"commentCount\":0,\"commentGood\":0,\"commentId\":18,\"commentList\":[],\"commentTime\":\"2020-03-24 23:43:05\",\"commentType\":0,\"commentUser\":2,\"isDeleted\":0,\"isEnabled\":1,\"pid\":0}],\"createdTime\":\"2020-03-22 12:06:08\",\"isDeleted\":0,\"isEnabled\":0,\"updateTime\":\"2020-03-25 23:33:29\",\"version\":3},\"msg\":\"操作成功！\"}', '0:0:0:0:0:0:0:1', '2020-03-25 23:33:29', NULL);
INSERT INTO `cl_log` VALUES (434, '/good/doGood', '[Good(goodId=null, userId=1, articleId=1, commentId=0)]', 1, NULL, 'PUT', 253, '{\"code\":200,\"msg\":\"点赞成功!\"}', '0:0:0:0:0:0:0:1', '2020-03-25 23:38:01', NULL);
INSERT INTO `cl_log` VALUES (435, '/good/doGood', '[Good(goodId=null, userId=1, articleId=2, commentId=0)]', 1, NULL, 'PUT', 253, '{\"code\":200,\"msg\":\"点赞成功!\"}', '0:0:0:0:0:0:0:1', '2020-03-25 23:38:23', NULL);
INSERT INTO `cl_log` VALUES (436, '/good/doGood', '[Good(goodId=null, userId=1, articleId=2, commentId=1)]', 1, NULL, 'PUT', 134, '{\"code\":200,\"msg\":\"点赞成功!\"}', '0:0:0:0:0:0:0:1', '2020-03-25 23:38:29', NULL);
INSERT INTO `cl_log` VALUES (437, '/article/read/1', '[1]', 1, NULL, 'GET', 523, '{\"code\":200,\"data\":{\"articleAuthor\":\"code-fusheng\",\"articleCollection\":0,\"articleComment\":5,\"articleContent\":\"这是code-fsheng写的测试文章1的内容，关于文章的测试\",\"articleGood\":7,\"articleId\":1,\"articleRead\":3,\"articleTitle\":\"测试文章1\",\"articleType\":1,\"commentList\":[{\"commentArticle\":1,\"commentContent\":\"测试文章评论1\",\"commentCount\":2,\"commentGood\":0,\"commentId\":1,\"commentList\":[{\"commentArticle\":1,\"commentContent\":\"测试评论评论2\",\"commentCount\":0,\"commentGood\":0,\"commentId\":2,\"commentList\":[],\"commentTime\":\"2020-03-24 16:13:42\",\"commentType\":1,\"commentUser\":0,\"isDeleted\":0,\"isEnabled\":1,\"pid\":1},{\"commentArticle\":1,\"commentContent\":\"测试评论评论3\",\"commentCount\":0,\"commentGood\":0,\"commentId\":3,\"commentList\":[],\"commentTime\":\"2020-03-24 16:24:40\",\"commentType\":1,\"commentUser\":0,\"isDeleted\":0,\"isEnabled\":1,\"pid\":1}],\"commentTime\":\"2020-03-24 16:01:17\",\"commentType\":0,\"commentUser\":0,\"isDeleted\":0,\"isEnabled\":1,\"pid\":0},{\"commentArticle\":1,\"commentContent\":\"测试文章评论8\",\"commentCount\":0,\"commentGood\":0,\"commentId\":18,\"commentList\":[],\"commentTime\":\"2020-03-24 23:43:05\",\"commentType\":0,\"commentUser\":2,\"isDeleted\":0,\"isEnabled\":1,\"pid\":0}],\"createdTime\":\"2020-03-22 12:06:08\",\"isDeleted\":0,\"isEnabled\":0,\"updateTime\":\"2020-03-25 23:40:18\",\"version\":3},\"msg\":\"操作成功！\"}', '0:0:0:0:0:0:0:1', '2020-03-25 23:40:18', NULL);
INSERT INTO `cl_log` VALUES (438, '/good/doGood', '[Good(goodId=null, userId=1, articleId=0, commentId=1)]', 1, NULL, 'PUT', 253, '{\"code\":200,\"msg\":\"点赞成功!\"}', '0:0:0:0:0:0:0:1', '2020-03-25 23:40:49', NULL);
INSERT INTO `cl_log` VALUES (439, '/good/doGood', '[Good(goodId=null, userId=1, articleId=0, commentId=2)]', 1, NULL, 'PUT', 240, '{\"code\":200,\"msg\":\"点赞成功!\"}', '0:0:0:0:0:0:0:1', '2020-03-25 23:40:56', NULL);
INSERT INTO `cl_log` VALUES (440, '/good/doGood', '[Good(goodId=null, userId=1, articleId=0, commentId=3)]', 1, NULL, 'PUT', 245, '{\"code\":200,\"msg\":\"点赞成功!\"}', '0:0:0:0:0:0:0:1', '2020-03-25 23:41:02', NULL);
INSERT INTO `cl_log` VALUES (441, '/comment/getList/1', '[1]', 1, NULL, 'GET', 260, '{\"code\":200,\"data\":[{\"commentArticle\":1,\"commentContent\":\"测试文章评论1\",\"commentCount\":2,\"commentGood\":1,\"commentId\":1,\"commentList\":[],\"commentTime\":\"2020-03-24 16:01:17\",\"commentType\":0,\"commentUser\":0,\"isDeleted\":0,\"isEnabled\":1,\"pid\":0},{\"commentArticle\":1,\"commentContent\":\"测试文章评论8\",\"commentCount\":0,\"commentGood\":0,\"commentId\":18,\"commentList\":[],\"commentTime\":\"2020-03-24 23:43:05\",\"commentType\":0,\"commentUser\":2,\"isDeleted\":0,\"isEnabled\":1,\"pid\":0}],\"msg\":\"操作成功！\"}', '0:0:0:0:0:0:0:1', '2020-03-25 23:41:16', NULL);

-- ----------------------------
-- Table structure for cl_notice
-- ----------------------------
DROP TABLE IF EXISTS `cl_notice`;
CREATE TABLE `cl_notice`  (
  `notice_id` int(11) NOT NULL AUTO_INCREMENT COMMENT '通知id',
  `created_id` int(11) NOT NULL COMMENT '创建者id',
  `created_time` datetime(0) NOT NULL DEFAULT CURRENT_TIMESTAMP COMMENT '创建时间',
  `notice_content` varchar(255) CHARACTER SET utf8 COLLATE utf8_general_ci NOT NULL COMMENT '通知内容',
  `notice_title` varchar(63) CHARACTER SET utf8 COLLATE utf8_general_ci NOT NULL COMMENT '通知标题',
  `is_enabled` tinyint(1) NOT NULL DEFAULT 1 COMMENT '是否启用，1是0否',
  PRIMARY KEY (`notice_id`) USING BTREE
) ENGINE = InnoDB AUTO_INCREMENT = 14 CHARACTER SET = utf8 COLLATE = utf8_general_ci ROW_FORMAT = Dynamic;

-- ----------------------------
-- Table structure for cl_notice_user
-- ----------------------------
DROP TABLE IF EXISTS `cl_notice_user`;
CREATE TABLE `cl_notice_user`  (
  `id` int(11) NOT NULL AUTO_INCREMENT COMMENT '用户通知关联表id',
  `notice_id` int(11) NOT NULL COMMENT '通知id',
  `user_id` int(11) NOT NULL COMMENT '用户id',
  `if_read` tinyint(1) NOT NULL COMMENT '是否已读，1是0否',
  `read_time` datetime(0) NOT NULL DEFAULT CURRENT_TIMESTAMP COMMENT '阅读时间',
  PRIMARY KEY (`id`) USING BTREE
) ENGINE = InnoDB AUTO_INCREMENT = 30 CHARACTER SET = utf8 COLLATE = utf8_general_ci ROW_FORMAT = Dynamic;

-- ----------------------------
-- Table structure for cl_position
-- ----------------------------
DROP TABLE IF EXISTS `cl_position`;
CREATE TABLE `cl_position`  (
  `position_id` int(11) NOT NULL AUTO_INCREMENT,
  `position_name` varchar(255) CHARACTER SET utf8 COLLATE utf8_general_ci NULL DEFAULT NULL COMMENT '职位名称',
  `position_status` int(255) NULL DEFAULT NULL,
  PRIMARY KEY (`position_id`) USING BTREE
) ENGINE = InnoDB AUTO_INCREMENT = 1 CHARACTER SET = utf8 COLLATE = utf8_general_ci ROW_FORMAT = Dynamic;

-- ----------------------------
-- Table structure for cl_registration
-- ----------------------------
DROP TABLE IF EXISTS `cl_registration`;
CREATE TABLE `cl_registration`  (
  `sign_id` int(11) NOT NULL AUTO_INCREMENT COMMENT '签到表id',
  `user_id` int(11) NOT NULL COMMENT '用户id',
  `sign_time` datetime(0) NOT NULL DEFAULT CURRENT_TIMESTAMP COMMENT '签到时间',
  `sign_class` varchar(63) CHARACTER SET utf8 COLLATE utf8_general_ci NOT NULL COMMENT '第几节课签到，按5节大课划分',
  PRIMARY KEY (`sign_id`) USING BTREE
) ENGINE = InnoDB AUTO_INCREMENT = 6 CHARACTER SET = utf8 COLLATE = utf8_general_ci ROW_FORMAT = Dynamic;

-- ----------------------------
-- Table structure for cl_report
-- ----------------------------
DROP TABLE IF EXISTS `cl_report`;
CREATE TABLE `cl_report`  (
  `report_id` int(11) UNSIGNED ZEROFILL NOT NULL AUTO_INCREMENT COMMENT '报告Id',
  `report_type` int(1) NOT NULL COMMENT '报告类型 0日报 1周报',
  `work_content` varchar(255) CHARACTER SET utf8 COLLATE utf8_croatian_ci NOT NULL COMMENT '工作内容',
  `difficulty` varchar(255) CHARACTER SET utf8 COLLATE utf8_croatian_ci NOT NULL COMMENT '遇到的困难',
  `solution` varchar(255) CHARACTER SET utf8 COLLATE utf8_croatian_ci NOT NULL COMMENT '解决方法',
  `experience` varchar(255) CHARACTER SET utf8 COLLATE utf8_croatian_ci NOT NULL COMMENT '心得体会',
  `plan` varchar(255) CHARACTER SET utf8 COLLATE utf8_croatian_ci NOT NULL COMMENT '后续计划',
  `created_time` datetime(0) NOT NULL DEFAULT CURRENT_TIMESTAMP COMMENT '创建时间',
  `updated_time` datetime(0) NOT NULL DEFAULT CURRENT_TIMESTAMP ON UPDATE CURRENT_TIMESTAMP(0) COMMENT '更新时间',
  `is_enabled` int(1) NOT NULL DEFAULT 0 COMMENT '是否可以更改 0可更改 1不可更改',
  `is_deleted` int(1) NOT NULL DEFAULT 0 COMMENT '是否已删除 0未删除 1已删除',
  `is_checked` int(1) NOT NULL DEFAULT 0 COMMENT '组长是否批阅 0未批阅 1已批阅',
  PRIMARY KEY (`report_id`) USING BTREE
) ENGINE = InnoDB AUTO_INCREMENT = 7 CHARACTER SET = utf8 COLLATE = utf8_croatian_ci ROW_FORMAT = Dynamic;

-- ----------------------------
-- Records of cl_report
-- ----------------------------
INSERT INTO `cl_report` VALUES (00000000001, 0, 'good', 'good', 'good', 'good', 'good', '2020-03-17 19:33:47', '2020-03-25 16:43:01', 0, 1, 0);
INSERT INTO `cl_report` VALUES (00000000002, 1, 'test', 'test', 'test', 'test', 'test', '2020-03-24 18:23:20', '2020-03-24 18:23:20', 0, 0, 0);
INSERT INTO `cl_report` VALUES (00000000003, 1, 'test', 'test', 'test', 'test', 'test', '2020-03-24 18:34:39', '2020-03-24 18:34:39', 0, 0, 0);
INSERT INTO `cl_report` VALUES (00000000004, 1, 'www', 'www', 'www', 'ww', 'w)ww', '2020-03-25 21:31:51', '2020-03-25 21:31:54', 0, 0, 0);
INSERT INTO `cl_report` VALUES (00000000005, 1, 'test', 'test', 'test', 'test', 'test', '2020-03-25 21:53:50', '2020-03-25 21:53:52', 0, 0, 0);
INSERT INTO `cl_report` VALUES (00000000006, 1, 'test', 'test', 'test', 'test', 'test', '2020-03-25 22:04:49', '2020-03-25 22:04:53', 0, 0, 0);

-- ----------------------------
-- Table structure for cl_report_marking
-- ----------------------------
DROP TABLE IF EXISTS `cl_report_marking`;
CREATE TABLE `cl_report_marking`  (
  `report_id` int(11) UNSIGNED ZEROFILL NOT NULL COMMENT '报告id',
  `keys` varchar(31) CHARACTER SET utf8 COLLATE utf8_croatian_ci NOT NULL COMMENT '操作类型',
  `values` varchar(127) CHARACTER SET utf8 COLLATE utf8_croatian_ci NOT NULL COMMENT '操作内容',
  `user_name` varchar(31) CHARACTER SET utf8 COLLATE utf8_croatian_ci NOT NULL COMMENT '批阅人',
  `created_time` datetime(0) NOT NULL DEFAULT CURRENT_TIMESTAMP COMMENT '操作时间',
  INDEX `report_id`(`report_id`) USING BTREE,
  CONSTRAINT `cl_report_marking_ibfk_1` FOREIGN KEY (`report_id`) REFERENCES `cl_report` (`report_id`) ON DELETE RESTRICT ON UPDATE RESTRICT
) ENGINE = InnoDB CHARACTER SET = utf8 COLLATE = utf8_croatian_ci ROW_FORMAT = Dynamic;

-- ----------------------------
-- Records of cl_report_marking
-- ----------------------------
INSERT INTO `cl_report_marking` VALUES (00000000001, '组长评分', '9.0', '', '2020-03-22 18:40:36');
INSERT INTO `cl_report_marking` VALUES (00000000001, '组长批语', '任务完成', '', '2020-03-22 18:40:39');
INSERT INTO `cl_report_marking` VALUES (00000000001, '班长评分', '8.0', '', '2020-03-27 18:40:42');
INSERT INTO `cl_report_marking` VALUES (00000000001, '班长评语', '任务基本完成', '', '2020-03-27 18:40:45');
INSERT INTO `cl_report_marking` VALUES (00000000001, '教师评语', '不错', '', '2020-03-28 18:40:47');

-- ----------------------------
-- Table structure for cl_task
-- ----------------------------
DROP TABLE IF EXISTS `cl_task`;
CREATE TABLE `cl_task`  (
  `task_id` int(11) NOT NULL AUTO_INCREMENT COMMENT '任务表id',
  `created_id` int(11) NOT NULL COMMENT '创建人id',
  `task_title` varchar(63) CHARACTER SET utf8 COLLATE utf8_general_ci NOT NULL COMMENT '任务标题',
  `task_content` varchar(255) CHARACTER SET utf8 COLLATE utf8_general_ci NOT NULL COMMENT '任务内容',
  `created_time` datetime(0) NOT NULL DEFAULT CURRENT_TIMESTAMP COMMENT '创建时间',
  `is_enabled` tinyint(1) NOT NULL COMMENT '是否启用',
  PRIMARY KEY (`task_id`) USING BTREE
) ENGINE = InnoDB AUTO_INCREMENT = 1 CHARACTER SET = utf8 COLLATE = utf8_general_ci ROW_FORMAT = Dynamic;

-- ----------------------------
-- Table structure for cl_task_user
-- ----------------------------
DROP TABLE IF EXISTS `cl_task_user`;
CREATE TABLE `cl_task_user`  (
  `id` int(11) NOT NULL AUTO_INCREMENT COMMENT '任务用户表Id',
  `task_id` int(11) NOT NULL COMMENT '任务id',
  `user_id` int(11) NOT NULL COMMENT '用户id',
  `is_did` tinyint(1) NOT NULL COMMENT '是否完成，1是0否',
  `did_time` datetime(0) NOT NULL DEFAULT CURRENT_TIMESTAMP COMMENT '完成时间',
  PRIMARY KEY (`id`) USING BTREE
) ENGINE = InnoDB AUTO_INCREMENT = 30 CHARACTER SET = utf8 COLLATE = utf8_general_ci ROW_FORMAT = Dynamic;

-- ----------------------------
-- Table structure for cl_user
-- ----------------------------
DROP TABLE IF EXISTS `cl_user`;
CREATE TABLE `cl_user`  (
  `user_id` int(63) NOT NULL AUTO_INCREMENT COMMENT '用户序号',
  `user_name` varchar(31) CHARACTER SET latin1 COLLATE latin1_swedish_ci NOT NULL COMMENT '账号',
  `user_password` varchar(31) CHARACTER SET latin1 COLLATE latin1_swedish_ci NOT NULL COMMENT '密码',
  `user_college_id` varchar(125) CHARACTER SET utf8 COLLATE utf8_general_ci NULL DEFAULT '' COMMENT '学院id',
  `user_classes_id` varchar(125) CHARACTER SET utf8 COLLATE utf8_general_ci NULL DEFAULT NULL COMMENT '班级id',
  `user_group_id` varchar(125) CHARACTER SET utf8mb4 COLLATE utf8mb4_general_ci NULL DEFAULT '' COMMENT '用户组id',
  `user_icon` varchar(255) CHARACTER SET latin1 COLLATE latin1_swedish_ci NULL DEFAULT NULL COMMENT '头像',
  `user_description` varchar(255) CHARACTER SET utf8 COLLATE utf8_general_ci NULL DEFAULT '' COMMENT '描述',
  `created_time` datetime(0) NOT NULL DEFAULT CURRENT_TIMESTAMP COMMENT '创建时间',
  `update_time` datetime(0) NOT NULL DEFAULT CURRENT_TIMESTAMP ON UPDATE CURRENT_TIMESTAMP(0) COMMENT '更新时间',
  `user_position_id` int(1) UNSIGNED NOT NULL DEFAULT 0 COMMENT '用户职称id',
  `user_states` int(255) NULL DEFAULT NULL COMMENT '用户状态（0,1）',
  PRIMARY KEY (`user_id`) USING BTREE
) ENGINE = InnoDB AUTO_INCREMENT = 3 CHARACTER SET = latin1 COLLATE = latin1_swedish_ci ROW_FORMAT = Dynamic;

-- ----------------------------
-- Records of cl_user
-- ----------------------------
INSERT INTO `cl_user` VALUES (1, 'test', '123', '', '1', '', NULL, '', '2020-03-25 11:33:14', '2020-03-25 11:33:16', 0, 1);
INSERT INTO `cl_user` VALUES (2, 'test1', '123', '', '1', '', NULL, '', '2020-03-25 15:26:59', '2020-03-25 15:27:01', 0, 1);

-- ----------------------------
-- Table structure for cl_user_report
-- ----------------------------
DROP TABLE IF EXISTS `cl_user_report`;
CREATE TABLE `cl_user_report`  (
  `id` int(11) UNSIGNED ZEROFILL NOT NULL AUTO_INCREMENT COMMENT '连接id',
  `report_id` int(11) UNSIGNED ZEROFILL NOT NULL COMMENT '报告id',
  `user_id` int(11) UNSIGNED ZEROFILL NOT NULL COMMENT '用户id',
  PRIMARY KEY (`id`) USING BTREE,
  INDEX `report_id`(`report_id`) USING BTREE,
  INDEX `user_id`(`user_id`) USING BTREE
) ENGINE = InnoDB AUTO_INCREMENT = 7 CHARACTER SET = utf8 COLLATE = utf8_croatian_ci ROW_FORMAT = Dynamic;

-- ----------------------------
-- Records of cl_user_report
-- ----------------------------
INSERT INTO `cl_user_report` VALUES (00000000001, 00000000001, 00000000001);
INSERT INTO `cl_user_report` VALUES (00000000002, 00000000002, 00000000001);
INSERT INTO `cl_user_report` VALUES (00000000003, 00000000003, 00000000001);
INSERT INTO `cl_user_report` VALUES (00000000004, 00000000004, 00000000001);
INSERT INTO `cl_user_report` VALUES (00000000005, 00000000005, 00000000001);
INSERT INTO `cl_user_report` VALUES (00000000006, 00000000006, 00000000001);

-- ----------------------------
-- Table structure for cl_xx
-- ----------------------------
DROP TABLE IF EXISTS `cl_xx`;
CREATE TABLE `cl_xx`  (
  `xx_id` int(11) NOT NULL AUTO_INCREMENT COMMENT 'xxid标识',
  `xx_name` varchar(31) CHARACTER SET utf8mb4 COLLATE utf8mb4_general_ci NOT NULL COMMENT 'xx名字',
  `created_time` datetime(0) NOT NULL DEFAULT CURRENT_TIMESTAMP COMMENT '创建时间',
  `update_time` datetime(0) NOT NULL DEFAULT CURRENT_TIMESTAMP ON UPDATE CURRENT_TIMESTAMP(0) COMMENT '更新时间',
  `version` int(11) NOT NULL DEFAULT 1 COMMENT '乐观锁',
  `is_enabled` tinyint(1) NOT NULL DEFAULT 1 COMMENT '是否启用（0否1是 默认1）',
  `is_deleted` tinyint(1) NOT NULL DEFAULT 0 COMMENT '是否删除（0否1是 默认0）',
  PRIMARY KEY (`xx_id`) USING BTREE
) ENGINE = InnoDB AUTO_INCREMENT = 16 CHARACTER SET = utf8mb4 COLLATE = utf8mb4_general_ci ROW_FORMAT = Dynamic;

SET FOREIGN_KEY_CHECKS = 1;
